Product Code,Description,Quantity In Stock,Com. Code Description,Supplier A/C,Part No.,Quantity Allocated,Quantity On Order,Free Stock,Bar Code
1000MCSGL,1000 MILE COMBAT TWIN PACK - BLACK/GREEN - LG,21.00,6115990000,1000M,2276GL,0.00,42.00,21.00,5031358007835
1000MCSGM,1000 MILE COMBAT TWIN PACK - BLACK/GREEN - MD,25.00,6115990000,1000M,2276GM,0.00,30.00,25.00,5031358007828
1000MCSGS,1000 MILE COMBAT TWIN PACK - BLACK/GREEN - SM,8.00,6115990000,1000M,2276GS,0.00,0.00,8.00,5031358007811
1000MCSGXL,1000 MILE COMBAT TWIN PACK - BLACK/GREEN - XL,7.00,6115990000,1000M,2276GXL,0.00,0.00,7.00,5031358007842
ALTLG100,ALTBERG LEDER GLOSS - MILITARY BROWN - 100ml - 12pk,45.00,3405100000,ALTB,LGLSBRN-100ML,0.00,0.00,45.00,5056679200079
ALTLG50,ALTBERG LEDER GLOSS - MILITARY BROWN - 50ml - 12pk,30.00,3405100000,ALTB,LGLSBRN-50ML,0.00,0.00,30.00,5056679200062
APSP,ACTION PLASTER - SPRAY ON PLASTER - 32.5ml,151.00,3005909900,DRW,APSP,0.00,0.00,151.00,609613792120
BM-0155-0667,ADVENTURE MEDICAL KIT - BLISTER MEDIC,82.00,3005100000,BU1,0155-0667,0.00,24.00,82.00,707708006678
BM-2075-0297,ADVENTURE MEDICAL KIT - ULTRALIGHT/WATERTIGHT .3 MED KIT,73.00,3006500000,BU1,2075-0304,0.00,24.00,73.00,707708103971
BM-710151/818/L,BRIDGEDALE SOCK - SUMMIT EXPLORER - BLK - LG,81.00,6115940000,BU1,710151/818/L,0.00,0.00,81.00,610306135889
BM-710151/818/M,BRIDGEDALE SOCK - SUMMIT EXPLORER - BLK - MD,103.00,6115940000,BU1,710151/818/M,0.00,0.00,103.00,610306135872
BM-710152/124/L,BRIDGEDALE - TRAIL HIKE SOCK - GREY - LG,89.00,6115940000,BU1,710152/124/L,0.00,0.00,89.00,610306142450
BM-710152/124/M,BRIDGEDALE - TRAIL HIKE SOCK - GREY - MD,67.00,6115940000,BU1,710152/124/M,0.00,0.00,67.00,610306142443
BM-710169/736,BRIDGEDALE SOCK - TREKKER HIKE - GREEN - MD,193.00,6115940000,BU1,710169/736/M,0.00,51.00,193.00,610306135995
BM-710169/736/LG,BRIDGEDALE SOCK - TREKKER HIKE - GREEN - LG,152.00,6115940000,BU1,710169/736/LG,0.00,51.00,152.00,610306136008
BM-ABP12,AFTER BITE CLASSIC HANDY PEN - 12pk,10.00,3004900000,BU1,0008-1021,1.00,0.00,9.00,5037589000201
BM-CU2R,LEDLENSER CU2R SAFETY CLIPLIGHT,20.00,8513100000,BU1,502730,0.00,0.00,20.00,4058205030366
BM-E1LC,CAMELBAK EDDY+ BOTTLE - CHARCOAL - 1L,0.00,3924100090,ZYRO,2464001001,0.00,0.00,0.00,886798030265
BM-E75C,CAMELBAK EDDY+ BOTTLE - CHARCOAL - .75L,863.00,3924100090,ZYRO,2465001075,1.00,0.00,862.00,886798030302
BM-E75M,CAMELBAK EDDY+ BOTTLE - DESERT SUNRISE - .75L,7.00,3924100090,ZYRO,CB2465802075,0.00,0.00,7.00,886798048666
BM-E75O,CAMELBAK EDDY+ BOTTLE - OXFORD BLUE - .75L,406.00,3924100090,ZYRO,2465401075,1.00,0.00,405.00,886798030319
BM-K3A016,MAGLITE TORCH - SOLITAIRE - INCANDESCENT,335.00,8513100000,BU1,K3A016,0.00,0.00,335.00,038739201689
BM-K4R,LEDLENSER K4R KEYRING LIGHT,22.00,8513100000,BU1,502574,0.00,0.00,22.00,4058205029117
BM-R-9200,RITE IN THE RAIN - FIELD RING BINDER - OLIVE,54.00,4820300000,BU1,R9200-G,0.00,5.00,54.00,632281920014
BM-R735,RITE IN THE RAIN - NOTEBOOK - BLK - 3x5 - Pk of 12,90.00,4802100000,BU1,R-735,0.00,0.00,90.00,632281735113
BM-R746,RITE IN THE RAIN - NOTEBOOK - BLK - 4x6 - Pk of 12,71.00,4802100000,BU1,R-746,0.00,0.00,71.00,632281746119
BM-R935,RITE IN THE RAIN - NOTEBOOK - OLIVE - 3x5 - Pk of 12,210.00,4802100000,BU1,R-935,0.00,35.00,210.00,632281935117
BM-R946,RITE IN THE RAIN - NOTEBOOK - OLIVE - 4x6 - Pk of 12,220.00,4802100000,BU1,R-946,0.00,60.00,220.00,632281946113
BM-R980,RITE IN THE RAIN - FIELD BOOK - OLIVE,8.00,4802100000,BU1,R980,0.00,0.00,8.00,632281980117
BM-R982T,RITE IN THE RAIN - LOOSE LEAF SHEETS - OLIVE (100 SHEETS),41.00,4802100000,BU1,R-982L,0.00,0.00,41.00,632281982111
BM-SMTBBP,STANLEY MILESTONES THERMAL BOTTLE 1L - 007 - BLACK PATINA,80.00,9617000000,BU1,10-10987-007,0.00,0.00,80.00,1210001903524
BM-SMTBGG,STANLEY MILESTONES THERMAL BOTTLE 1L - 006 - GARNET GLOSS,85.00,9617000000,BU1,10-10987-006,0.00,0.00,85.00,1210001903517
BM-SMTBVG,STANLEY MILESTONES THERMAL BOTTLE 1L - 005 - VINTAGE GREEN,83.00,9617000000,BU1,10-10987-005,0.00,0.00,83.00,1210001903500
BM-SP2201H,MAGLITE TORCH - MINI MAGLITE AA LED,20.00,8513100000,BU1,SP2201H,0.00,6.00,20.00,38739530406
BOLAHSACH,BOLERO ADVANCED HYDRATION SACHET 3g,4944.00,,BOLERO,BOLAH3,0.00,0.00,4944.00,
BRCBL,BIRCH CHUNKY CORD BOOT LACES - BROWN - 180cm,266.00,5609000000,CBG,BIR64180BR,0.00,0.00,266.00,5060278739151
BRCP100B,BOOT REPAIR CO - MILITARY BOOT POLISH - BLACK 100ML - 12pk,46.00,3405100000,CBG,BRCP100B,0.00,0.00,46.00,5060278737355
BRCP100MB,BOOT REPAIR CO - MILITARY BOOT POLISH - BROWN 100ML - 12pk,49.00,3405100000,CBG,BRCP100MB,0.00,0.00,49.00,5060278737348
BTFF10,ESSENTIAL GEAR - FLIP FLOP - BLK - Sz 10,1255.00,6402200000,CHSTCL,EGFF10,20.00,0.00,1235.00,5029476008230
BTFF11,ESSENTIAL GEAR - FLIP FLOP - BLK - Sz 11,832.00,6402200000,CHSTCL,EGFF11,31.00,0.00,801.00,5029476008247
BTFF12,ESSENTIAL GEAR - FLIP FLOP - BLK - Sz 12,372.00,6402200000,CHSTCL,EGFF12,28.00,0.00,344.00,5029476008254
BTFF6,ESSENTIAL GEAR - FLIP FLOP - BLK -Sz 6,258.00,6402200000,CHSTCL,EGFF6,16.00,0.00,242.00,5029476008193
BTFF7,ESSENTIAL GEAR - FLIP FLOP - BLK -Sz 7,459.00,6402200000,CHSTCL,EGFF7,19.00,0.00,440.00,5029476008209
BTFF8,ESSENTIAL GEAR - FLIP FLOP - BLK -Sz 8,873.00,6402200000,CHSTCL,EGFF8,24.00,0.00,849.00,5029476008216
BTFF9,ESSENTIAL GEAR - FLIP FLOP - BLK -Sz 9,1055.00,6402200000,CHSTCL,EGFF9,42.00,0.00,1013.00,5029476008223
BUMJFLCB3,JETBOIL - FLASH 1.0L - CARBON,69.00,7321190000,BU1,FLCBN3,0.00,6.00,69.00,850019774689
BUMJPF,JETBOIL - JETPOWER GAS - 100g,1660.00,7613000090,BU1,JETPWR-100,54.00,480.00,1606.00,858941006151
BUMJPF200,JETBOIL - JETPOWER GAS - 230g,580.00,7613000090,BU1,JETPWR-230,0.00,168.00,580.00,858941006168
BUMJPF450,JETBOIL - JETPOWER GAS - 450g,331.00,7613000090,BU1,JETPWR-450,0.00,60.00,331.00,858941006175
BUMJZ2,JETBOIL ZIP 0.8L - CARBON,95.00,7321190000,BU1,ZPCB2,0.00,28.00,95.00,850019774719
CBPPC250,PEEK - PREMIUM POLISH - 250ml Can,0.00,3405901000,CBG,PEE110,0.00,0.00,0.00,65791330071
CBPPT100,PEEK - PREMIUM POLISH - 100ml Tube,21.00,3405901000,CBG,PEE105,0.00,0.00,21.00,65791330026
CBPPT50,PEEK - PREMIUM POLISH - 50ml Tube,49.00,3405901000,CBG,PEE100,0.00,0.00,49.00,65791330019
CBTCC600,CAMELBAK THRIVE CHUG - CHARCOAL - 600ml,336.00,3924100090,ZYRO,CB2927001060,0.00,0.00,336.00,886798053219
CBTCCL600,CAMELBAK THRIVE CHUG - CLEAR - 600ml,165.00,3924100090,ZYRO,CB2927101060,0.00,0.00,165.00,886798053226
CBTCO600,CAMELBAK THRIVE CHUG - OXFORD BLUE - 600ml,292.00,3924100090,ZYRO,CB2927401060,1.00,0.00,291.00,886798053240
CSBBL180,FLAT BLACK BOOT LACE - 180cm,1025.00,5609000000,CSL,M587,0.00,0.00,1025.00,5060159831837
DIDLR3,DID 3pc LINT ROLLERS,1680.00,9605000000,DIL,HH2661,0.00,0.00,1680.00,5056338326614
DMSPDL,SAPHIR PATE DE LUXE - BLACK - pk 12,17.00,3405100000,DMSL,S0002050-01,0.00,0.00,17.00,23324010002016
DMSPDLB,SAPHIR PATE DE LUXE - DARK BROWN - pk 12,45.00,3405100000,DMSL,S0002050-05,0.00,0.00,45.00,23324010002054
DSTFG3BL,DEXSHELL THERMFIT GLOVE 3.0 - BLK - LG,80.00,6116930000,DSC,DG12402BLK-L,0.00,0.00,80.00,6954358902148
DSTFG3BM,DEXSHELL THERMFIT GLOVE 3.0 - BLK - MD,65.00,6116930000,DSC,DG12402BLK-M,0.00,0.00,65.00,6954358902131
DSTFG3BS,DEXSHELL THERMFIT GLOVE 3.0 - BLK - SM,36.00,6116930000,DSC,DG12402BLK-S,0.00,0.00,36.00,6954358902124
DSTFGBXL,DEXSHELL GLOVE - THERMFIT NEO - BLK - XL,211.00,6116930000,DEX,DG324-B-XL,0.00,0.00,211.00,6954358924188
EBSC,SELVYT POLISHING CLOTH - 10 Pk,458.00,6307103000,EBC,EBSC,1.00,0.00,457.00,5060010805472
ECQRPC,QUICKIES REMOVER PADS CONVENIENCE - TUB - Pk of 12,324.00,3304300000,ECL,2006810,0.00,0.00,324.00,96024966
EGBP30,ESSENTIAL GEAR - BRASS PADLOCK - 30mm,2742.00,8301100000,CHSTCL,EGBP30,0.00,0.00,2742.00,5060159831769
EGBP40,ESSENTIAL GEAR - BRASS PADLOCK - 40mm,3516.00,8301100000,CHSTCL,EGBP40,0.00,0.00,3516.00,5060159831776
EGBS,ESSENTIAL GEAR - BUNGEE SET - 30cm - OLIVE (4pk),5457.00,5604100000,CHSTCL,BCPC,12.00,0.00,5445.00,5060159831691
EGBTN,ESSENTIAL GEAR - BATH TOWEL - NAVY - 70x130cm,287.00,6302600090,BG,BDT603N,3.00,0.00,284.00,5021206957429
EGFTN,ESSENTIAL GEAR - FACE TOWEL 2 PACK - NAVY - 30x30cm,334.00,6302600090,BG,EGFTN2,0.00,0.00,334.00,5021206957580
EGFTP,ESSENTIAL GEAR - FLUORESCENT TENT PEGS (6pk),6235.00,3924900090,CHSTCL,EGFTP,4.00,0.00,6231.00,5060159832674
EGHTN,*OOS until Aug/Sep* ESSENTIAL GEAR - HAND TOWEL - NAVY - 50x90cm,0.00,6302600090,BG,BDT602N,0.00,0.00,0.00,5021206957740
EGKFS,"ESSENTIAL GEAR - KNIFE, FORK, SPOON SET",9350.00,8215209000,CHSTCL,EGKFS,12.00,0.00,9338.00,5060159832636
EGLC6,ESSENTIAL GEAR - LOCKING CARABINER - 6mm (2pk),2520.00,8308900090,CHSTCL,EGLC6,0.00,0.00,2520.00,5060159831745
EGMTS,ESSENTIAL GEAR - MILITARY MESS SET (2pk),1931.00,8007008000,CHSTCL,EGMTS,0.00,0.00,1931.00,5060159836108
EGPB,ESSENTIAL GEAR - POLY BAGS - MIXED SIZES (12pk),9860.00,3923299000,CHSTCL,EGPB,8.00,0.00,9852.00,5060159832698
EGPBO,ESSENTIAL GEAR - PLASTIC BOWL - 16cm - OLIVE,1960.00,3924100019,CHSTCL,EGPBO,0.00,0.00,1960.00,5060159836191
EGPC,ESSENTIAL GEAR - PARACORD - 3mm x 15m - OLIVE,4892.00,5607503090,CHSTCL,EGPC,0.00,0.00,4892.00,5060159836092
EGPMO,ESSENTIAL GEAR - PLASTIC MUG - 400ml - OLIVE,1980.00,3924100019,CHSTCL,EGPMO,0.00,0.00,1980.00,5060159836177
EGPPO,ESSENTIAL GEAR - PLASTIC PLATE - 24cm - OLIVE,1980.00,3924100019,CHSTCL,EGPPO,0.00,0.00,1980.00,5060159836184
EGRB,ESSENTIAL GEAR - RESEALABLE BAGS (10pk),6341.00,3923299000,CHSTCL,EGRB,0.00,0.00,6341.00,5060159831219
EGRE,ESSENTIAL GEAR - RANGER EYES,390.00,5604909020,CHGSOS,EGRE,0.00,0.00,390.00,5060159831448
EGSBS,ESSENTIAL GEAR - SHOE BRUSH SET - BOX OF 6,396.00,9605000000,CBG,EGSBS,1.00,0.00,395.00,5060278731018
EGSC8,ESSENTIAL GEAR - STANDARD CARABINER 8mm (2pk),2594.00,8308900090,CHSTCL,EGSC8,3.00,0.00,2591.00,5060159831738
EGTBHB,ESSENTIAL GEAR - THERMAL BEANIE HAT - BLACK,3488.00,6505009090,CHSTCL,EGTBHB,11.00,0.00,3477.00,5060159832742
EGTBHO,ESSENTIAL GEAR - THERMAL BEANIE HAT - OLIVE,3763.00,6505009090,CHSTCL,EGTBHO,5.00,0.00,3758.00,5060159832735
EGTP,ESSENTIAL GEAR - TENT PEGS (10pk),4342.00,7321900000,CHSTCL,EGTP,5.00,0.00,4337.00,5060159833046
EGTSK,ESSENTIAL GEAR - TRAVEL SEWING KIT,6348.00,9605000000,CHSTCL,EGTSK,12.00,0.00,6336.00,5060159832612
EGTTB,ESSENTIAL GEAR - TROUSER TWISTS - OLIVE (2pk),5130.00,5601221000,CHSQTCL,EGTTB,22.00,15000.00,5108.00,5060159831196
EGTW,ESSENTIAL GEAR - TACTICAL 3 IN 1 WHISTLE,1995.00,3924900090,CHSTCL,EGTW,0.00,0.00,1995.00,5060159836085
EGYD,ESSSENTIAL GEAR YELLOW DUSTER (8pk),1787.00,6307103000,151PL,EGYD8,0.00,0.00,1787.00,5053249255712
FP25030,DELPH SUNTAN LOTION SPF 30 - 150ml - Box of 6,6.00,3304990000,FPL,25030,0.00,0.00,6.00,5027599000070
FP25050,DELPH SUNTAN LOTION - SPF 50 - 150ml - Box of 6,4.00,3304990000,FPL,25050,0.00,0.00,4.00,5027599000087
FP25060,DELPH AFTER SUN LOTION 150ml - Box of 6,0.00,3304990000,FPL,25060,0.00,0.00,0.00,5027599000094
GB102,GETBUZZING OAT BAR  62g x 20 - BERRY,2.00,1806310000,CHBIT,GB102,0.00,0.00,2.00,5060189400041
GB106,GETBUZZING PROTEIN BAR  55g x 12 - CHERRY,2.00,1806310000,CHBIT,GB106,0.00,0.00,2.00,5060189400225
GGCBSW6,CHERRY BLOSSOM - SPORTS WHITENER - 85ml - PACK OF 6,17.00,3405100000,GG,CB211010,0.00,0.00,17.00,5016652590092
GRBCAA390PP,GRENADE BCAAs PEACHY PEAR 390g,10.00,2106102090,GREN,0704-10-14-00,0.00,0.00,10.00,5060811384671
GRBCAA390SM,GRENADE BCAAs STRAWBERRY & MANGO 390g,14.00,2106102090,GREN,0704-10-37-00,0.00,0.00,14.00,5060811384657
GRBCAA390T,GRENADE BCAAs TROPICAL 390g,10.00,2106102090,GREN,0704-10-65-00,0.00,0.00,10.00,5060811384664
GRCEB,GRENADE - CREME EGG BAR - 45g - BOX OF 18,34.00,1806310000,GREN,2137-10-86-00,0.00,0.00,34.00,5060811386934
GRCKBBC,GRENADE - CARB KILLA BARS - BIRTHDAY CAKE - 12x60g,52.00,1806310000,GREN,2000-10-69-00,0.00,0.00,52.00,5060221204606
GRCKBCC,GRENADE - CARB KILLA BARS - CARAMEL CHAOS - 12x60g,41.00,1806310000,GREN,2000-10-93-00,0.00,0.00,41.00,5060221201391
GRCKBCCSP,GRENADE - CARB KILLA BARS - CHOC CHIP SLTED CARAMEL - 12x60g,20.00,1806310000,GREN,2000-10-82-00,0.00,0.00,20.00,5060221206860
GRCKBCD,GRENADE - CARB KILLA BARS - COOKIE DOUGH - 12x60g,28.00,1806310000,GREN,2000-10-59-HF,0.00,0.00,28.00,5060811382394
GRCKBDCM,GRENADE - CARB KILLA BARS - DARK CHOC MINT - 12x60g,12.00,1806310000,GREN,2000-10-94-00,0.00,0.00,12.00,5060221201858
GRCKBDCR,GRENADE - CARB KILLA BARS - DARK CHOC RASPBERRY - 12x60g,26.00,1806310000,GREN,2000-10-90-00,0.00,0.00,26.00,5060221205320
GRCKBFU,GRENADE - CARB KILLA BARS - FUDGED UP - 12x60g,48.00,1806310000,GREN,2000-10-07-00,0.00,0.00,48.00,5060811380901
GRCKBJQ,GRENADE - CARB KILLA BARS - JAFFA QUAKE - 12x60g,44.00,1806310000,GREN,2000-10-58-0A,0.00,0.00,44.00,5060221203784
GRCKBLC,GRENADE - CARB KILLA BARS - LEMON CHEESECAKE - 12x60g,14.00,1806310000,GREN,2000-10-02-00,0.00,0.00,14.00,5060811381946
GRCKBO,GRENADE - CARB KILLA BARS - OREO - 12x60g,42.00,1806310000,GREN,2000-10-05-00,0.00,0.00,42.00,5060811383254
GRCKBPN,GRENADE - CARB KILLA BARS - PEANUT NUTTER - 12x60g,42.00,1806310000,GREN,2000-10-57-0A,0.00,0.00,42.00,5060221203753
GRCKBWCC,GRENADE - CARB KILLA BARS - WHITE CHOC COOKIE - 12x60g,38.00,1806310000,GREN,2000-10-32-0A,0.00,0.00,38.00,5060221201810
GRCKBWCSP,GRENADE - CARB KILLA BARS - WHT CHC SLTD PNT - 12x60g,59.00,1806310000,GREN,2000-10-89-00,0.00,0.00,59.00,5060221205269
GRSBB,GRENADE - SHAKER BOTTLE - BLACK - 600ml,30.00,3924100090,GREN,1911-10-51-00,0.00,0.00,30.00,847534002946
GRSHCC,GRENADE - CARB KILLA SHAKE - CKIES & CRM - 330ml - Pk of 8,2.00,2202999990,GREN,2126-10-92-82,0.00,0.00,2.00,5060811386569
GRSHCKFB,GRENADE - CARB KILLA SHAKE - FUDGE BROWNIE - 330ml - Pk of 8,2.00,2202999990,GREN,2126-10-31-82,0.00,0.00,2.00,5060811386484
GRSHSC,GRENADE - CARB KILLA SHAKE - STRWB & CRM - 330ml - Pk of 8,3.00,2202999990,GREN,2126-10-35-82,0.00,0.00,3.00,5060811386521
GRSHSTC,GRENADE - CARB KILLA SHAKE - SALTED CARAMEL - 330ml - Pk of 8,0.00,2202999990,GREN,2126-10-82-82,0.00,0.00,0.00,5060811386545
GRSWC,GRENADE - CARB KILLA SHAKE - WHITE CHOC - 300ml - Pk of 8,3.00,2202999990,GREN,2126-10-32-82,0.00,0.00,3.00,5060811386507
GVBBB,GROOV-E - BULLET WIRELESS EAR PHONES,116.00,8518300090,RASHM,GVBT600SR,5.00,0.00,111.00,5060108294249
GVSP262WE,GROOV-E - RUGGED BLUETOOTH SPEAKER - WHITE,6.00,8518500090,RASHM,GV-SP262-WE,0.00,0.00,6.00,5060108292825
HPADB,HOT PACK MEAL - ALL DAY BREAKFAST - PK OF 24,0.00,,HPIL,HPADB,0.00,0.00,0.00,
HPCD,HOT PACK MEAL - CHICKEN DOPIAZA - PK OF 24,0.00,,HPIL,HPCD,0.00,0.00,0.00,
HPMIX,HOT PACK MEALS - MIX OF 24,0.00,,HPIL,HPM24,0.00,0.00,0.00,
HPMP,HOT PACK MEAL - MEATBALLS & PASTA IN TOMATO SAUCE - PK OF 24,0.00,,HPIL,HPMP,0.00,0.00,0.00,
HPSVR,HOT PACK MEAL - SPICY VEGETABLE RIGATONI - PK OF 24,0.00,,HPIL,HPSVR,0.00,0.00,0.00,
HPVC,HOT PACK MEAL - VEGETABLE CURRY - PK OF 24,0.00,,HPIL,HPVC,0.00,0.00,0.00,
JBHC,HELMET CLIPS - Pk of 50,6.00,8308900090,CHQTO,HC,0.00,0.00,6.00,5060159832407
JLBILO,JACK LINKS - BILTONG - ORIGINAL - 20g - Case of 12,52.00,0210209011,LSI,10000041765,0.00,0.00,52.00,4251097407234
JLBJ25O,JACK LINKS - BEEF JERKY - ORIGINAL - 25g - Case of 12,30.00,0210209011,LSI,10000016613,2.00,0.00,28.00,4251097402888
JLBJ25SWHT,JACK LINKS - BEEF JERKY - SWEET & HOT - 25g - Case of 12,39.00,0210209011,LSI,10000016614,0.00,0.00,39.00,4251097402918
JLBJ25TER,JACK LINKS - BEEF JERKY - TERIYAKI - 25g - Case of 12,43.00,0210209011,LSI,10000016616,0.00,0.00,43.00,4251097402970
KISPB50,KIWI - SHOE POLISH - BLACK - 50ml - Pk of 24,128.00,3405100000,CBG,KIW100B,0.00,0.00,128.00,6001298959999
KISPDB50,KIWI - SHOE POLISH - DARK BROWN - 50ml - Pk of 24,42.00,3405100000,CBG,KIW100DB,0.00,0.00,42.00,6001298959982
KUK5CCC,KOMBAT UK - 5 COLOUR CAM CREAM,61.00,3304990000,KUKL,KUK5CCC,0.00,0.00,61.00,5056258906330
KUKA5MCF,KOMBAT UK - FOLDER - BTP - A5,76.00,4202329090,KUKL,KUKA5BTPF,3.00,0.00,73.00,5060545652558
KUKAM,KOMBAT UK - ALLOY MUG,0.00,,KUKL,KUKAM,0.00,0.00,0.00,
KUKBTPA4F,KOMBAT UK - FOLDER - BTP - A4,20.00,4202329090,KUKL,KUKA4BTPF,0.00,0.00,20.00,5060545652541
KUKBTPA6F,KOMBAT UK - FOLDER - BTP - A6,104.00,4202329090,KUKL,KUKA6BTPF,1.00,0.00,103.00,5060545652565
KUKBTPBKC,KOMBAT UK - BOOT CARE KIT WITH BROWN POLISH - BTP,17.00,9605000000,KUKL,KUKBTPBCK,0.00,20.00,17.00,5060545652596
KUKBTPUPL,KOMBAT UK - MOLLE UTILITY POUCH - BTP - LARGE,32.00,4202329090,KUKL,KUKBTPUPL,1.00,0.00,31.00,5060545652794
KUKBTPUPS,KOMBAT UK - MOLLE UTILITY POUCH - BTP - SMALL,71.00,4202329090,KUKL,KUKBTPUPS,0.00,0.00,71.00,5060545652862
KUKDFGBL,KOMBAT UK - GLOVE - DELTA FAST - BLK - LG,41.00,6116930000,KUKL,KUKDFGBL,0.00,0.00,41.00,5060545650325
KUKDFGBM,KOMBAT UK - GLOVE - DELTA FAST - BLK - MD,41.00,6116930000,KUKL,KUKDFGBM,0.00,0.00,41.00,5060545650301
KUKDFGBS,KOMBAT UK - GLOVE - DELTA FAST - BLK - SM,17.00,6116930000,KUKL,KUKDFGBS,0.00,0.00,17.00,5060545650318
KUKDFGBXL,KOMBAT UK - GLOVE - DELTA FAST - BLK - XL,12.00,6116930000,KUKL,KUKDFGBXL,0.00,0.00,12.00,5060545650332
KUKDFGCL,KOMBAT UK - GLOVE - DELTA FAST - COYOTE - LG,34.00,6116930000,KUKL,KUKDFGCL,0.00,20.00,34.00,5060545650417
KUKDFGCM,KOMBAT UK - GLOVE - DELTA FAST - COYOTE - MD,47.00,6116930000,KUKL,KUKDFGCM,0.00,0.00,47.00,5060545650394
KUKDFGCS,KOMBAT UK - GLOVE - DELTA FAST - COYOTE - SM,48.00,6116930000,KUKL,KUKDFGCS,0.00,0.00,48.00,5060545650387
KUKDFGCXL,KOMBAT UK - GLOVE - DELTA FAST - COYOTE - XL,35.00,6116930000,KUKL,KUKDFGCXL,0.00,0.00,35.00,5060545650400
KUKMC,KOMBAT UK - MILITARY MAP COMPASS,62.00,9014100000,KUKL,KUKMC,10.00,100.00,52.00,5060545654804
KUKMCBH,KOMBAT UK - BUSH HAT - SPECIAL FORCES - BTP - Sz 59,42.00,6505009090,KUKL,KUKBTPBH,0.00,30.00,42.00,5060545652404
KUKMDP,KOMBAT UK - FOLDING AMMO DUMP POUCH - BTP,5.00,4202329090,KUKL,KUKBDP,0.00,0.00,5.00,5060545659021
KUKMHN,KOMBAT UK - MICRO MOSQUITO/ MIDGE HEADNET,38.00,6505009090,KUKL,KUKMHN,0.00,0.00,38.00,5060545654897
KUKMKP,KOMBAT UK - LOCK KNIFE POUCH - BTP,2.00,4202329090,KUKL,KUKBTPLKP,0.00,10.00,2.00,5060545652626
KUKMMMP,KOMBAT UK - MEDIC MOLLE POUCH - LARGE,9.00,4202329090,KUKL,KUKBMMP,0.00,0.00,9.00,5060545652640
KUKMUPM,KOMBAT UK - MOLLE UTILITY POUCH - BTP - MEDIUM,66.00,4202329090,KUKL,KUKBTPUPM,0.00,0.00,66.00,5060545652831
KUKNA4,KOMBAT UK - DOCUMENT HOLDER - NYREX - A4,57.00,3926100000,KUKL,KUKA4DH,0.00,10.00,57.00,5060545651247
KUKNA5,KOMBAT UK - DOCUMENT HOLDER - NYREX - A5,65.00,3926100000,KUKL,KUKA5DH,0.00,0.00,65.00,5060545651230
KUKNA6,KOMBAT UK - DOCUMENT HOLDER - NYREX - A6,40.00,3926100000,KUKL,KUKA6DH,0.00,0.00,40.00,5060545651223
KUKRPS,KOMBAT UK - RATION PACK SPOON - 22cm,78.00,3924900090,KUKL,KUKRPS,0.00,0.00,78.00,5056258913284
KUKSB,KOMBAT UK - SURVIVAL BOX,46.00,4202321000,KUKL,KUKSB,1.00,50.00,45.00,5056258902813
KUKSH,KOMBAT UK - SHEMAGH SCARF - OLV/BLK,72.00,6103390000,KUKL,KUKSGB,0.00,0.00,72.00,5060545653616
KUKSK,KOMBAT UK - SURVIVAL KIT,26.00,4202321000,KUKL,KUKSK,0.00,0.00,26.00,5060545654828
KUKSOP,KOMBAT UK - SPECIAL OPS PACK - BTP - 45 Ltr,13.00,4202921100,KUKL,KUKSOP,0.00,0.00,13.00,5056258912959
KUKTM,KOMBAT UK - SURVIVAL TRAVEL MIRROR,41.00,7009910090,KUKL,KUKTM,0.00,0.00,41.00,5060545651469
KUKW,KOMBAT UK - 3 IN 1 WHISTLE,80.00,3924900090,KUKL,KUKW,0.00,0.00,80.00,5060545651025
KUKWM,KOMBAT UK - WATERPROOF MATCHES,43.00,3605000000,KUKL,KUKWM,2.00,0.00,41.00,5060545651490
KUKWNA6,KOMBAT UK - WATERPROOF NOTEPAD - A6,149.00,4802100000,KUKL,KUKWNA6,0.00,0.00,149.00,5060545651032
LAN9P,"LANSDALE - TENT PEG - WIRE 9"" - Pk of 100",1.00,7321900000,LAN,LAN9P,0.00,0.00,1.00,5055273007374
LANA4FB30,LANSDALE - FLOPPY BINDER - TUNDRA - A4 - 30 Pkts,17.00,3926100000,LAN,LANA4FB30,0.00,0.00,17.00,5060159832162
LANA4HCB30,LANSDALE - HARDCOVER BINDER - TUNDRA - A4 - 30 Pkts,21.00,3926100001,LAN,LANA4HCB30,0.00,0.00,21.00,5060159832179
LANA5FB20,LANSDALE - FLOPPY BINDER - TUNDRA - A5 - 20 Pkts,32.00,3926100002,LAN,LANA5FB20,0.00,0.00,32.00,5060159832148
LANA5HCB20,LANSDALE - HARDCOVER BINDER - TUNDRA - A5 - 20 Pkts,23.00,3926100003,LAN,LANA5HCB20,0.00,0.00,23.00,5060159832155
LANA6FB20,LANSDALE - FLOPPY BINDER - TUNDRA - A6 - 20 Pkts,34.00,3926100004,LAN,LANA6FB20,0.00,0.00,34.00,5060159832124
LANA7FB20,LANSDALE - FLOPPY BINDER - TUNDRA - A7 - 20 Pkts,33.00,3926100005,LAN,LANA7FB20,0.00,0.00,33.00,5060159832117
LANMOK,LANSDALE - MODEL/ORDERS KIT - LARGE,36.00,3926100000,LAN,LANMOK,0.00,0.00,36.00,5060159832186
LANPEOC,LANSDALE - PERSONAL EXERCISE ORGANISER COVER - TUNDRA,13.00,N/A,LAN,LANPEOC,0.00,0.00,13.00,5060159832308
LANTP,LANSDALE - TAMS FILOFAX WATERPROOF PAPER - 30 Sheets,0.00,4802100000,LAN,LANTP,0.00,300.00,0.00,5060159832094
LI9HNBLK,LION 9 HAIR NETS - BLACK (2 Pk),128.00,6505001000,LHL,LI9HNBLK,0.00,0.00,128.00,5030357820049
LI9HNBLO,LION 9 HAIR NETS - BLONDE (2 Pk),132.00,6505001000,LHL,LI9HNBLO,0.00,0.00,132.00,5030357820056
LMLT110/CP,LEATHERMAN - WINGMAN WITH NYLON SHEATH - CLAM PACK,6.00,8211930000,WAC,832522,0.00,0.00,6.00,037447000645
LMTMB,LIFEVENTURE - THERMAL MUG - MATTE BLACK,34.00,7323930090,LM,9530M,0.00,0.00,34.00,5031863953047
LMTMO,LIFEVENTURE - THERMAL MUG - MATTE KHAKI,5.00,7323930090,LM,9530MK,0.00,0.00,5.00,5031863953085
MBCS,SEA TO SUMMIT FRONTIER SPORK & KNIFE SET 2pc,125.00,3924900090,MBC,ACK034021/2,0.00,0.00,125.00,9327868158492
MBLHS,SEA TO SUMMIT FRONTIER U/LIGHT LONG HANDLED SPOON,160.00,3924900090,MBC,ACK034011-611701,0.00,0.00,160.00,9327868157464
MJF0011,MOUNTAIN JOE'S PROTEIN FLAPJACK - CHOC CHUNK - 16x60g,0.00,1806310000,MJ,MJF0011,0.00,6.00,0.00,5060602160576
MJF0012,MOUNTAIN JOE'S PROTEIN FLAPJACK - GOLDEN SYRUP - 16x60g,0.00,1806310000,MJ,MJF0012,0.00,6.00,0.00,5060602160583
MJP0001,MOUNTAIN JOE'S PROTEIN BAR - CHOC CANDY CREAM - 12x55g,3.00,1806310000,MJ,MJP0001,0.00,0.00,3.00,5060602160446
MJP0002,MOUNTAIN JOE'S PROTEIN BAR - RASPBERRY RIPPLE - 12x55g,6.00,1806310000,MJ,MJP0002,0.00,0.00,6.00,5060602160453
MJP0003,MOUNTAIN JOE'S PROTEIN BAR - CARAMEL BISCUIT - 12x55g,7.00,1806310000,MJ,MJP0003,0.00,0.00,7.00,5060602160460
MJP0004,MOUNTAIN JOE'S PROTEIN BAR - WHT CHC SLTD PNT - 12x55g,0.00,1806310000,MJ,MJP0004,0.00,6.00,0.00,5060602160477
MJP0005,MOUNTAIN JOE'S PROTEIN BAR - CHOC COOKIE CREAM - 12x55g,8.00,1806310000,MJ,MJP0005,0.00,0.00,8.00,5060602160507
MJP0006,MOUNTAIN JOE'S PROTEIN BAR - CHOC HAZELNUT - 12x55g,1.00,1806310000,MJ,MJP0006,0.00,6.00,1.00,5060602160491
MJR0001,MOUNTAIN JOE'S PROTEIN RICE CAKE - MILK CHOC - 12x64g,10.00,1806310000,MJ,MJR0001,0.00,0.00,10.00,5060602160538
MJR0002,MOUNTAIN JOE'S PROTEIN RICE CAKE - WHITE CHOCOLATE - 12x64g,0.00,1806310000,MJ,MJR0002,0.00,15.00,0.00,5060602160545
MMWPB,MAXIMUSCLE - MAX WHEY POWDER - BANOFFEE - 420g,98.00,2106102090,HNC,11364,0.00,0.00,98.00,4062001001796
MMWPC,*OOS MID APRIL* MAXIMUSCLE - MAX WHEY POWDER - CHOCOLATE - 420g,83.00,2106102090,HNC,11362,0.00,54.00,83.00,4062001001734
MMWPS,MAXIMUSCLE - MAX WHEY POWDER - STRAWBERRY - 420g,79.00,2106102090,HNC,11365,0.00,0.00,79.00,4062001001826
MMWPV,*OOS MID APRIL* MAXIMUSCLE - MAX WHEY POWDER  - VANILLA - 420g,50.00,2106102090,HNC,11363,3.00,96.00,47.00,4062001001765
MNCCBBM,MAXI CREAMY CORE BAR - BLUEBERRY MUFFIN - 12x45g,24.00,1806310000,HNC,10025039,0.00,0.00,24.00,4061289004697
MNCCBCCM,MAXI CREAMY CORE BAR - CHOC COOKIE & MILK - 12x45g,22.00,1806310000,HNC,10025004,0.00,0.00,22.00,4061289005601
MNCCBDCC,MAXI CREAMY CORE BAR - DARK CHOC COCONUT - 12x45g,24.00,1806310000,HNC,10025036,0.00,0.00,24.00,4061289005540
MNCCBHN,MAXI CREAMY CORE BAR - HAZELNUT NOUGAT - 12x45g,24.00,1806310000,HNC,10025043,0.00,0.00,24.00,4061289004451
MNCCBPC,MAXI CREAMY CORE BAR - PEANUT CARAMEL - 12x45g,18.00,1806310000,HNC,10025063,0.00,0.00,18.00,4061289004482
MNCCBSY,MAXI CREAMY CORE BAR - STRAWB YOGHURT - 12x45g,31.00,1806310000,HNC,10025092,0.00,0.00,31.00,4061289005083
MNHTBC,MAXI HYDRATION TABS - BLACKCURRANT (10x4g) - 6pk,7.00,2106909869,HNC,10031339,0.00,0.00,7.00,4061289001757
MNHTGA,*OOS EARLY MAY* MAXI HYDRATION TABS - GREEN APPLE (10x4g) - 6pk,0.00,2106909869,HNC,10031340,0.00,10.00,0.00,4061289001740
MNHTLL,MAXI HYDRATION TABS - LEMON/LIME (10x4g) - 6pk,22.00,2106909869,HNC,10031336,0.00,1.00,22.00,4061289007704
MNHTPG,MAXI HYDRATION TABS - PINK GRAPEFRUIT (10x4g) - 6pk,16.00,2106909869,HNC,10031337,1.00,0.00,15.00,4061289002617
MNHTSL,MAXI HYDRATION TABS - STRAWBERRY LEMONADE (10x4g) - 6pk,13.00,2106909869,HNC,10031335,0.00,0.00,13.00,4061289007735
MNHTWM,*OOS EARLY MAY* MAXI HYDRATION TABS - WATERMELON (10x4g) - 6pk,0.00,2106909869,HNC,10031334,0.00,3.00,0.00,4061289007674
MNMMKC,MAXSHAKE PROTEIN MILKSHAKE - CHOCOLATE - 12x330ml,0.00,0402991000,HNC,10031551,0.00,0.00,0.00,4061289008503
MNMMKS,MAXSHAKE PROTEIN MILKSHAKE - STRAWBERRY - 12x330ml,0.00,0402991000,HNC,10031552,0.00,0.00,0.00,4061289008473
MNMMKV,MAXSHAKE PROTEIN MILKSHAKE - VANILLA - 12x330ml,0.00,0402991000,HNC,10031553,0.00,0.00,0.00,4061289008442
NIGT12,"NITE IZE - GEAR TIE 12"" - 2 Pk",84.00,5604100000,BU1,GT12-01-2R3,0.00,12.00,84.00,094664048850
NIGT18,"NITE IZE - GEAR TIE 18"" - 2 Pk",124.00,5604100000,BU1,GT18-2PK-01,0.00,0.00,124.00,094664048959
NISB2,NITE IZE - S-BINER SIZE 2 - BLACK,768.00,8308900090,BU1,SB2-03-01,6.00,180.00,762.00,94664007376
NISB234,NITE IZE - S-BINER - MIXED SIZE - 3pk,278.00,8308900090,BU1,SB234-03-01,0.00,66.00,278.00,94664009820
NISB3,NITE IZE - S-BINER SIZE 3 - BLACK,420.00,8308900090,BU1,SB3-03-01,0.00,120.00,420.00,94664007383
NISB4,NITE IZE - S-BINER SIZE 4 - BLACK,264.00,8308900090,BU1,SB4-03-01,0.00,84.00,264.00,94664007390
NISBAHH,NITE IZE - S-BINER AHHH... - BLACK,315.00,8308900090,BU1,SB0-03-01,0.00,54.00,315.00,94664015241
OBCBBQ25,ORIGINAL BILTONG CO - SMOKY BBQ - 12 x 25g,80.00,0210209011,OBC,OBCBBQ25,0.00,0.00,80.00,5060738241217
OBCGAR25,ORIGINAL BILTONG CO - GARLIC - 12 x 25g,80.00,0210209011,OBC,OBCGAR25,0.00,0.00,80.00,5060738241200
OBCORIG25,ORIGINAL BILTONG CO - ORIGINAL - 12 x 25g,103.00,0210209011,OBC,OBCORIG25,0.00,0.00,103.00,5060738241194
OBCPP25,ORIGINAL BILTONG CO - PIRI PIRI - 12 x 25g,80.00,0210209011,OBC,OBCPP25,2.00,0.00,78.00,5060738241187
OBCSBB,ORIGINAL BILTONG CO - SMOKY BBQ - 12 x 30g,2.00,0210209011,OBC,OBCSBB,0.00,0.00,2.00,5060738240173
OBCSGAR,ORIGINAL BILTONG CO - GARLIC - 12 x 30g,11.00,0210209011,OBC,OBCSGAR,2.00,0.00,9.00,0784862261761
OBMMC,OVERBOARD MEDIUM MULTIPURPOSE CASE,75.00,3926100000,OB,OB1066,0.00,0.00,75.00,5060145691506
OBSMC,OVERBOARD SMALL MULTIPURPOSE CASE,64.00,3926100000,OB,OB1067,0.00,0.00,64.00,5060145692008
SISGHTB,SIS - GO HYDRO TABLETS - BERRY (20x4g) - 8 Tubes,46.00,2106909240,SIS,005604,0.00,0.00,46.00,5025324005604
SISGHTL,SIS - GO HYDRO TABLETS - LEMON (20x4g) - 8 Tubes,41.00,2106909240,SIS,005208,0.00,1.00,41.00,5025324005208
SISGHTPM,SIS - GO HYDRO TABLETS - PINEAPPLE/MANGO (20x4g) - 8 Tubes,31.00,2106909240,SIS,005307,0.00,2.00,31.00,5025324005307
SISGOIEA,SIS - GEL SACHETS - GO ISOTONIC - APPLE - 30pk,9.00,2202100000,SIS,131654,0.00,0.00,9.00,5025324010325
SISGOIEB,SIS - GEL SACHETS - GO ISOTONIC - B/CURRANT - 30pk,24.00,2202100000,SIS,002955,0.00,0.00,24.00,5025324010318
SISGOIEO,SIS - GEL SACHETS - GO ISOTONIC - ORANGE - 30pk,18.00,2202100000,SIS,002054,0.00,0.00,18.00,5025324010295
SISGOIEPA,SIS- GEL SACHETS - GO ISOTONIC - PINEAPPLE - 30pk,16.00,2202100000,SIS,002351,0.00,0.00,16.00,5025324002351
SISGOIEPG,*OOS UNTIL END OF FEB* SIS - GEL SACHETS - GO ISOTONIC - PINK GRAPEFRUIT - 30pk,0.00,2202100000,SIS,002450,0.00,0.00,0.00,5025324002450
SISGOIET,SIS - GEL SACHETS - GO ISOTONIC - TROPICAL - 30pk,29.00,2202100000,SIS,002856,0.00,0.00,29.00,5025324010301
SISMGBAB,SIS - GO ENERGY MINI BAR - APPLE/BCURRANT - 30 x 40g,6.00,1806310000,SIS,008643,0.00,0.00,6.00,5025324008643
SISMGBBF,SIS - GO ENERGY MINI BAR - BANANA FUDGE - 30 x 40g,3.00,1806310000,SIS,008247,0.00,4.00,3.00,5025324008247
SISMGBCF,SIS - GO ENERGY MINI BAR - CHOC FUDGE - 30 x 40g,10.00,1806310000,SIS,008148,0.00,0.00,10.00,5025324008148
SISRR500,SIS - REGO RAPID RECOVERY POWDER - SBRY - 500g,35.00,2106102090,SIS,131895,0.00,0.00,35.00,5025324012473
SISRR500C,SIS - REGO RAPID RECOVERY POWDER - CHOC - 500g,25.00,2106102090,SIS,131893,0.00,14.00,25.00,5025324012398
SISVGP,SIS - VARIETY GEL PACK,278.00,2202100000,SIS,SISVP,0.00,0.00,278.00,5025324000272
SISWBWN,SIS - DRINKS BOTTLE - WIDE NECK - CLEAR - 800ml,116.00,3924100090,SIS,010080,0.00,0.00,116.00,5025324010080
STL8NPF,316 WP8 STAEDTLER LUMOCOLOUR NON-PERM FINE PENS 8pk,20.00,9608200000,STAED,316 WP8,0.00,0.00,20.00,4007817323601
STL8PF,318 WP8 STAEDTLER - LUMOCOLOR PERMANENT MARKERS - FINE - 8 Pk,20.00,9608200000,STAED,318 WP8,0.00,0.00,20.00,4007817323694
STL8PM,317 WP8 STAEDTLER- LUMOCOLOR PERMANENT MARKERS - MEDIUM - 8 Pk,10.00,9608200000,STAED,317 WP8,0.00,0.00,10.00,4007817310472
STL8PS,313 WP8 STAEDTLER- LUMOCOLOR PERMANENT MARKERS - S/FINE - 8 Pk,31.00,9608200000,STAED,313 WP8,0.00,0.00,31.00,4007817308585
STLUMM4,317 WP4 STAEDTLER LUMOCOLOR PERMANENT - MEDIUM - 4 Pk,486.00,9608200000,STAED,317 WP4,3.00,0.00,483.00,4007817310380
STLUMNPF4,316 WP4 STAEDTLER LUMOCOLOR NON-PERMANENT FINE - 4 Pk,40.00,9608200000,STAED,316 WP4,0.00,0.00,40.00,4007817304549
STLUMNPM4,315 WP4 STAEDTLER LUMOCOLOR NON-PERMANENT MEDIUM - 4 Pk,69.00,9608200000,STAED,315 WP4,0.00,0.00,69.00,4007817309278
STLUMPF4,318 WP4 STAEDTLER LUMOCOLOR PERMANENT - FINE - 4 Pk,745.00,9608200000,STAED,318 WP4,3.00,0.00,742.00,4007817310809
STLUMPSF4,313 WP4 STAEDTLER LUMOCOLOR PERMANENT - S/FINE - 4 Pk,60.00,9608200000,STAED,313 WP4,0.00,0.00,60.00,4007817308431
STST145L,STRATA - STORAGE TRUNK ON WHEELS - 145L,123.00,4202125000,STR,HW440,0.00,0.00,123.00,5021711047776
STST75L,STRATA - STORAGE TRUNK ON WHEELS - 75L,89.00,4202125000,STR,HW441,0.00,0.00,89.00,5021711049244
TMCHB,TOP OF THE RANGE - CHOOB - BLACK,975.00,6117100000,CHSTCL,TOTR-C-BLK,0.00,0.00,975.00,5060159831257
TMCHCB,TOP OF THE RANGE - CHOOB - COYOTE BROWN,323.00,6117100000,CHSTCL,TOTR-C-CB,0.00,0.00,323.00,5060159831271
TMCHO,TOP OF THE RANGE - CHOOB - OLIVE,333.00,6117100000,CHSTCL,TOTR-C-O,0.00,0.00,333.00,5060159831264
TMMC,TREKMATES TWIN SEAL MAP CASE,262.00,4202321000,OSC,TM-006246,0.00,0.00,262.00,5056369305558
TMTT,TOP OF THE RANGE MICROFIBRE TERRY TOWEL - 60 x 120cm,222.00,6302600090,OXY,TOTRLMTT,5.00,800.00,217.00,5060159833008
TNC,TRAVEL NECK CUSHION,14.00,,DIL,TR3673,0.00,0.00,14.00,5056338336736
TOTRBBBLG,TOP OF THE RANGE BOXER BRIEFS - 2pk - BLK - LARGE,760.00,6107120000,INDUE,TOTRBB-B-LG,10.00,0.00,750.00,5060159835187
TOTRBBBMD,TOP OF THE RANGE BOXER BRIEFS - 2pk - BLK - MEDIUM,719.00,6107120000,INDUE,TOTRBB-B-MD,8.00,0.00,711.00,5060159835170
TOTRBBBSM,TOP OF THE RANGE BOXER BRIEFS - 2pk - BLK - SMALL,313.00,6107120000,INDUE,TOTRBB-B-SM,8.00,0.00,305.00,5060159835163
TOTRBBBXL,TOP OF THE RANGE BOXER BRIEFS - 2pk - BLK - XL,338.00,6107120000,INDUE,TOTRBB-B-XL,10.00,0.00,328.00,5060159835194
TOTRBP,TOP OF THE RANGE BIVI POLE,3630.00,7321900000,CHSTCL,TOTRBP,0.00,0.00,3630.00,5060159834982
TOTRCHB,TOP OF THE RANGE - CLOTHES HANGER - BLACK,0.00,4421100000,CHSTCL,,0.00,0.00,0.00,
TOTRCHN,TOP OF THE RANGE - CLOTHES HANGER - NATURAL (2pk),2057.00,4421100000,CHSTCL,EGCHN,4.00,0.00,2053.00,5060159831820
TOTRCP30,TOP OF THE RANGE COMBI PADLOCK 30MM,4056.00,8301100000,CHSTCL,TOTRCP30,0.00,0.00,4056.00,5060159833954
TOTRCP40,TOP OF THE RANGE COMBI PADLOCK 40MM,3168.00,8301100000,CHSTCL,TOTRCP40,0.00,0.00,3168.00,5060159833961
TOTRCWK,TOP OF THE RANGE COMPACT WASH KIT - MTP,2513.00,9605000000,CHSTCL,TOTRCWK,0.00,0.00,2513.00,5060159832728
TOTRDB13,TOP OF THE RANGE - DRYSACK - BLACK - 13litre,1251.00,4202921100,OXY,TOTRDB13,0.00,0.00,1251.00,5060159831318
TOTRDB22,TOP OF THE RANGE - DRYSACK - BLACK - 22litre,1160.00,4202921100,OXY,TOTRDB22,0.00,0.00,1160.00,5060159831325
TOTRDB3,TOP OF THE RANGE - DRYSACK - BLACK - 3litre,2130.00,4202921100,OXY,TOTRDB3,0.00,0.00,2130.00,5060159831288
TOTRDB40,TOP OF THE RANGE - DRYSACK - BLACK - 40litre,815.00,4202921100,OXY,TOTRDB40,0.00,0.00,815.00,5060159831332
TOTRDB5,TOP OF THE RANGE - DRYSACK - BLACK - 5litre,2118.00,4202921100,OXY,TOTRDB5,0.00,0.00,2118.00,5060159831295
TOTRDB8,TOP OF THE RANGE - DRYSACK - BLACK - 8litre,1885.00,4202921100,OXY,TOTRDB8,0.00,0.00,1885.00,5060159831301
TOTRFAK,TOP OF THE RANGE - FIRST AID KIT - MTP,2138.00,3006500000,CHSTCL,TOTRFAK,3.00,0.00,2135.00,5060159832704
TOTRHOP,TOP OF THE RANGE HYDRA OPS PACK,410.00,4202199090,1000M,TOTRHOP,0.00,0.00,410.00,5060159836054
TOTRHT,TOP OF THE RANGE - HEADTORCH,6680.00,8513100000,CHSYTC,TOTRHT,3.00,0.00,6677.00,5060159831233
TOTRKP,TOP OF THE RANGE - KNEE PAD - MULTICAM,1598.00,3926200000,CHSTCL,TOTRKP-MC,0.00,0.00,1598.00,5060159831844
TOTRLK,TOP OF THE RANGE - LOCK KNIFE,2496.00,8211930000,CHYGHICL,TOTRLK,2.00,0.00,2494.00,5060159833039
TOTRMGBL,TOP OF THE RANGE - MECHANIC GLOVE - BLACK - LARGE,155.00,6116930000,PKSHGCO,TOTRMGB-LG,0.00,0.00,155.00,5060159832858
TOTRMGBM,TOP OF THE RANGE - MECHANIC GLOVE - BLACK - MEDIUM,124.00,6116930000,PKSHGCO,TOTRMGB-MD,0.00,0.00,124.00,5060159832872
TOTRMGBS,TOP OF THE RANGE - MECHANIC GLOVE - BLACK - SMALL,97.00,6116930000,PKSHGCO,TOTRMGB-SM,0.00,0.00,97.00,5060159832889
TOTRMGBXL,TOP OF THE RANGE - MECHANIC GLOVE - BLACK - XL,68.00,6116930000,PKSHGCO,TOTRMGB-XL,0.00,0.00,68.00,5060159832865
TOTRMGLG,TOP OF THE RANGE - MECHANIC GLOVE - COYOTE - LARGE,426.00,6116930000,DEX,TOTRMG-LG,1.00,0.00,425.00,5060159832353
TOTRMGMD,TOP OF THE RANGE - MECHANIC GLOVE - COYOTE - MEDIUM,169.00,6116930000,DEX,TOTRMG-MD,1.00,0.00,168.00,5060159832339
TOTRMGSM,TOP OF THE RANGE - MECHANIC GLOVE - COYOTE - SMALL,133.00,6116930000,DEX,TOTRMG-SM,0.00,0.00,133.00,5060159832346
TOTRMGXL,TOP OF THE RANGE - MECHANIC GLOVE - COYOTE - XL,244.00,6116930000,DEX,TOTRMG-XL,0.00,0.00,244.00,5060159832360
TOTRMT,TOP OF THE RANGE - MULTI TOOL,183.00,8211930000,CHYGHICL,TOTRMT,0.00,0.00,183.00,5060159833022
TOTRPB,TOP OF THE RANGE - POCKET BUDDY - MTP,868.00,4202329090,CHSTCL,TOTRPBU,0.00,0.00,868.00,5060159832711
TOTRPS,TOP OF THE RANGE PROTEIN SHAKER - CLEAR - 700ML,5555.00,3924100090,CHSTCL,TOTRPS,12.00,0.00,5543.00,5060159831790
TOTRST,TOP OF THE RANGE SNIPER TAPE - OLIVE,12284.00,3919108090,1000M,TOTRSTO,14.00,0.00,12270.00,5060159832940
TOTRSW,TOP OF THE RANGE - WATERPROOF SPORTS WATCH,907.00,9101110000,CHZZECL,340AD-1,0.00,0.00,907.00,5060159832322
TOTRTFB,TOP OF THE RANGE THERMAL FLASK - BLACK - 350ml,2426.00,7323930090,1000M,TOTRTFB,2.00,0.00,2424.00,5060159834739
TOTRTFG,TOP OF THE RANGE THERMAL FLASK - GREY - 350ml,713.00,7323930090,1000M,TOTRTFG,0.00,0.00,713.00,5060159834753
TOTRTFOG,TOP OF THE RANGE THERMAL FLASK - OLIVE - 350ml,2900.00,7323930090,1000M,TOTRTFOG,2.00,0.00,2898.00,5060159834746
TOTRTHB,TOP OF THE RANGE - TROUSER HANGER - BLACK,0.00,4421100000,CHSTCL,,0.00,0.00,0.00,
TOTRTHN,TOP OF THE RANGE - TROUSER HANGER - NATURAL (2pk),1296.00,4421100000,CHSTCL,EGTHN,2.00,0.00,1294.00,5060159831813
TOTRVGDT50,TOTR - VICTORY GLOSS - DARK TAN - 50ml - Pk 12,142.00,3405100000,GG,TOTRDTVG50,0.00,0.00,142.00,5060159835842
TOTRW100MB,TOP OF THE RANGE - WAX - MILITARY BROWN - 100ml - Pk of 12,338.00,3405100000,GG,TOTRW100MB,1.00,0.00,337.00,5060159832995
TOTRWBB,TOP OF THE RANGE DRINKS BOTTLE - BLACK - 750ml,2104.00,3924100090,CHSTCL,TOTRWBB,2.00,0.00,2102.00,5060159832780
TOTRWBC,TOP OF THE RANGE DRINKS BOTTLE - CLEAR - 750ml,1614.00,3924100090,CHSTCL,TOTRWBC,6.00,0.00,1608.00,5060159832988
TOTRZOT,TOP OF THE RANGE ZINC OXIDE TAPE,2901.00,3005100000,1000M,TOTRZOT,7.00,0.00,2894.00,5060159832964
UABC3BB,6700 UA BLITZING CAP 3.0 - M/L - BLK,83.00,6505001000,UNDAR,6700-001,30.00,102.00,53.00,196040301976
UABC3GR,6700 UA BLITZING CAP 3.0 - M/L - DOWNPOUR GREY,54.00,6505001000,UNDAR,6700-044,0.00,0.00,54.00,196040308302
UABC3O,6700 UA BLITZING CAP 3.0 - M/L - OLIVE,28.00,6505001000,UNDAR,6700-390,2.00,0.00,26.00,196040500690
UABC3S,6700 UA BLITZING CAP 3.0 - M/L - NAVY,65.00,6505001000,UNDAR,6700-410,32.00,46.00,33.00,196040307633
UABHB,6704 UA BUCKET HAT - BLACK - M/L,9.00,6505009090,UNDAR,6704-001,2.00,10.00,7.00,196040199405
UABJ3BL,"J043 UA PERFORMANCE TECH BOXER 6"" - 3pk - BLK - LG",106.00,6107120000,CENB,J043-001-LG,31.00,70.00,75.00,1200122269630
UABJ3BM,"J043 UA PERFORMANCE TECH BOXER 6"" - 3pk - BLK - MD",101.00,6107120000,CENB,J043-001-MD,24.00,80.00,77.00,1200122269616
UABJ3BS,"J043 UA PERFORMANCE TECH BOXER 6"" - 3pk - BLK - SM",97.00,6107120000,CENB,J043-001-SM,27.00,45.00,70.00,1200122269593
UABJ3BXL,"J043 UA PERFORMANCE TECH BOXER 6"" - 3pk - BLK - XL",102.00,6107120000,CENB,J043-001-XL,8.00,30.00,94.00,1200122269654
UAEBB,8415 UA ESSENTIAL BACKPACK - BLACK,0.00,4202921100,UNDAR,8415-001,0.00,0.00,0.00,196883131273
UAEBC,8415 UA ESSENTIAL BACKPACK - CASTLEROCK,0.00,4202921100,UNDAR,8415-025,0.00,0.00,0.00,196886328984
UAEUTSST002LG,UA TEE - TECH 2.0 S/S - BLK/MARL 002- LG,19.00,6109909000,UNDAR,6413-002-LG,0.00,0.00,19.00,192006316046
UAEUTSST002MD,UA TEE - TECH 2.0 S/S - BLK/MARL 002 - MD,10.00,6109909000,UNDAR,6413-002-MD,0.00,0.00,10.00,192006316077
UAEUTSST002S,UA TEE - TECH 2.0 S/S - BLK/MARL 002 - SM,9.00,6109909000,UNDAR,6413-002-SM,0.00,0.00,9.00,192006316060
UAEUTSST002XL,UA TEE - TECH 2.0 S/S - BLK/MARL 002 - XL,22.00,6109909000,UNDAR,6413-002-XL,0.00,0.00,22.00,192006316442
UAEUTSST090L,UA TEE - TECH 2.0 S/S - CBH - LG,57.00,6109909000,UNDAR,6413-090-LG,5.00,6.00,52.00,192810181441
UAEUTSST090M,UA TEE - TECH 2.0 S/S - CBH - MD,42.00,6109909000,UNDAR,6413-090-MD,14.00,3.00,28.00,192810181472
UAEUTSST090S,UA TEE - TECH 2.0 S/S - CBH - SM,24.00,6109909000,UNDAR,6413-090-SM,0.00,4.00,24.00,192810181465
UAEUTSST090XL,UA TEE - TECH 2.0 S/S - CBH - XL,36.00,6109909000,UNDAR,6413-090-XL,8.00,3.00,28.00,192810181946
UAEUTSST390L,UA TEE - TECH 2.0 S/S - MARINE GREEN - LG,0.00,6109909000,UNDAR,6413-390-LG,0.00,0.00,0.00,195253814167
UAEUTSST390M,UA TEE - TECH 2.0 S/S - MARINE GREEN - MD,0.00,6109909000,UNDAR,6413-390-MD,0.00,0.00,0.00,195253814204
UAEUTSST390S,UA TEE - TECH 2.0 S/S - MARINE GREEN - SM,0.00,6109909000,UNDAR,6413-390-SM,0.00,0.00,0.00,195253814228
UAEUTSST390XL,UA TEE - TECH 2.0 S/S - MARINE GREEN - XL,0.00,6109909000,UNDAR,6413-390-XL,0.00,0.00,0.00,195253814242
UAEUTSST400L,UA TEE - TECH 2.0 S/S - ROYAL BLUE - LG,13.00,6109909000,UNDAR,6413-400-LG,0.00,0.00,13.00,192006320463
UAEUTSST400M,UA TEE - TECH 2.0 S/S - ROYAL BLUE - MD,10.00,6109909000,UNDAR,6413-400-MD,0.00,0.00,10.00,192006320494
UAEUTSST400S,UA TEE - TECH 2.0 S/S - ROYAL BLUE - SM,9.00,6109909000,UNDAR,6413-400-SM,0.00,0.00,9.00,192006320487
UAEUTSST400XL,UA TEE - TECH 2.0 S/S - ROYAL BLUE - XL,15.00,6109909000,UNDAR,6413-400-XL,0.00,0.00,15.00,192006320869
UAEUTSSTEL,UA TEE - TECH 2.0 S/S - ACADEMY STEEL - LG,4.00,6109909000,UNDAR,6413-409-LG,0.00,0.00,4.00,192006295594
UAEUTSSTEM,UA TEE - TECH 2.0 S/S - ACADEMY STEEL - MD,12.00,6109909000,UNDAR,6413-409-MD,0.00,0.00,12.00,192006305323
UAEUTSSTES,UA TEE - TECH 2.0 S/S - ACADEMY STEEL - SM,5.00,6109909000,UNDAR,6413-409-SM,0.00,0.00,5.00,192006305316
UAEUTSSTEXL,UA TEE - TECH 2.0 S/S - ACADEMY STEEL - XL,9.00,6109909000,UNDAR,6413-409-XL,0.00,0.00,9.00,192006305392
UAEUTSSTOL,UA TEE - TECH 2.0 S/S - ACADEMY GRAPHITE - LG,74.00,6109909000,UNDAR,6413-408-LG,0.00,0.00,74.00,192006305538
UAEUTSSTOM,UA TEE - TECH 2.0 S/S - ACADEMY GRAPHITE - MD,76.00,6109909000,UNDAR,6413-408-MD,0.00,0.00,76.00,192006305569
UAEUTSSTOS,UA TEE - TECH 2.0 S/S - ACADEMY GRAPHITE - SM,69.00,6109909000,UNDAR,6413-408-SM,0.00,0.00,69.00,192006305552
UAEUTSSTOXL,UA TEE - TECH 2.0 S/S - ACADEMY GRAPHITE - XL,52.00,6109909000,UNDAR,6413-408-XL,0.00,0.00,52.00,192006305835
UAEUTSSTSL,UA TEE - TECH 2.0 S/S - STEEL - LG,17.00,6109909000,UNDAR,6413-036-LG,0.00,0.00,17.00,192006306313
UAEUTSSTSM,UA TEE - TECH 2.0 S/S - STEEL - MD,15.00,6109909000,UNDAR,6413-036-MD,0.00,0.00,15.00,192006306344
UAEUTSSTSS,UA TEE - TECH 2.0 S/S - STEEL - SM,5.00,6109909000,UNDAR,6413-036-SM,0.00,0.00,5.00,192006306337
UAEUTSSTSXL,UA TEE - TECH 2.0 S/S - STEEL - XL,5.00,6109909000,UNDAR,6413-036-XL,0.00,0.00,5.00,192006306511
UAEUTSSTTL,UA TEE - TECH 2.0 S/S - BLACK 001 - LG,89.00,6109909000,UNDAR,6413-001-LG,20.00,12.00,69.00,192006314264
UAEUTSSTTM,UA TEE - TECH 2.0 S/S - BLACK 001 - MD,91.00,6109909000,UNDAR,6413-001-MD,25.00,14.00,66.00,192006314295
UAEUTSSTTS,UA TEE - TECH 2.0 S/S - BLACK 001 - SM,71.00,6109909000,UNDAR,6413-001-SM,14.00,7.00,57.00,192006314288
UAEUTSSTTXL,UA TEE - TECH 2.0 S/S - BLACK 001 - XL,67.00,6109909000,UNDAR,6413-001-XL,15.00,4.00,52.00,192006315063
UAEWBCBBW,UA 8418 ESSENTIAL WAIST CROSSBODY BAG - BLK/WHITE,0.00,4202125000,UNDAR,8418-001,0.00,0.00,0.00,196883130771
UAHGSSBL,UA 1518 HG ARMOUR COMP TEE S/S - BLK - LG,34.00,6109902000,UNDAR,1518-001-LG,28.00,3.00,6.00,194513917600
UAHGSSBM,UA 1518 HG ARMOUR COMP TEE S/S - BLK - MD,41.00,6109902000,UNDAR,1518-001-MD,24.00,3.00,17.00,194513917624
UAHGSSBS,UA 1518 HG ARMOUR COMP TEE S/S - BLK - SM,39.00,6109902000,UNDAR,1518-001-SM,14.00,2.00,25.00,194513917648
UAHGSSBXL,UA 1518 HG ARMOUR COMP TEE S/S - BLK - XL,30.00,6109902000,UNDAR,1518-001-XL,16.00,2.00,14.00,194513917662
UAHGSSOL,UA 1518 HG ARMOUR COMP TEE S/S - OLV - LG,30.00,6109902000,UNDAR,1518-390-LG,15.00,3.00,15.00,196884755140
UAHGSSOM,UA 1518 HG ARMOUR COMP TEE S/S - OLV - MD,20.00,6109902000,UNDAR,1518-390-MD,14.00,1.00,6.00,196884755034
UAHGSSOS,UA 1518 HG ARMOUR COMP TEE S/S - OLV - SM,19.00,6109902000,UNDAR,1518-390-SM,4.00,1.00,15.00,196884755010
UAHGSSOXL,UA 1518 HG ARMOUR COMP TEE S/S - OLV - XL,16.00,6109902000,UNDAR,1518-390-XL,9.00,2.00,7.00,196884755072
UAHLBPB,UA 0399 HUSTLE LITE BACKPACK - BLACK,52.00,4202921100,UNDAR,0399-001,19.00,20.00,33.00,198632084328
UAHLBPG,UA 0399 HUSTLE LITE BACKPACK - GREY,45.00,4202921100,UNDAR,0399-025,6.00,0.00,39.00,198632084335
UAHLBPN,UA 0399 HUSTLE LITE BACKPACK - NAVY,43.00,4202921100,UNDAR,0399-410,7.00,0.00,36.00,198632084632
UAHTCBB,3155 UA HALFTIME CUFF BEANIE - 001 BLACK,116.00,6505009090,UNDAR,3155-001,0.00,6.00,116.00,196039082589
UAHTCBO,3155 UA HALFTIME CUFF BEANIE - 390 OLIVE,53.00,6505009090,UNDAR,3155-390,0.00,0.00,53.00,196884748463
UAIFJBL,3882 UA ICON FLEECE JOGGERS - BLK - L,17.00,6211390090,UNDAR,3882-001-L,12.00,0.00,5.00,196039157430
UAIFJBM,3882 UA ICON FLEECE JOGGERS - BLK - M,19.00,6211390090,UNDAR,3882-001-M,10.00,0.00,9.00,196039157492
UAIFJBS,3882 UA ICON FLEECE JOGGERS - BLK - S,12.00,6211390090,UNDAR,3882-001-S,3.00,0.00,9.00,196039157478
UALSVB10,UA 8094  LOCKER V SLIDES - BLACK - UK SIZE 10,43.00,6405901000,UNDAR,8094-001-10,4.00,0.00,39.00,197779336253
UALSVB11,UA 8094 LOCKER V SLIDES - BLACK - UK SIZE 11,35.00,6405901000,UNDAR,8094-001-11,4.00,0.00,31.00,197779336420
UALSVB12,UA 8094 LOCKER V SLIDES - BLACK - UK SIZE 12,15.00,6405901000,UNDAR,3028094-001-12,0.00,0.00,15.00,197779336444
UALSVB6,UA 8094 LOCKER V SLIDES - BLACK - UK SIZE 6,10.00,6405901000,UNDAR,3028094-001-6,0.00,0.00,10.00,197779337502
UALSVB7,UA 8094 LOCKER V SLIDES - BLACK - UK SIZE 7,15.00,6405901000,UNDAR,3028094-001-7,0.00,0.00,15.00,197779337533
UALSVB8,UA 8094 LOCKER V SLIDES - BLACK - UK SIZE 8,31.00,6405901000,UNDAR,8094-001-8,2.00,0.00,29.00,197779337908
UALSVB9,UA 8094 LOCKER V SLIDES - BLACK - UK SIZE 9,45.00,6405901000,UNDAR,8094-001-9,3.00,0.00,42.00,197779335782
UALSVG10,UA 8094 LOCKER V SLIDES - GREY - UK 10,0.00,6405901000,UNDAR,8094-025-10,0.00,8.00,0.00,197779339421
UALSVG11,UA 8094 LOCKER V SLIDES - GREY - UK 11,9.00,6405901000,UNDAR,8094-025-11,2.00,0.00,7.00,197779339452
UALSVG8,UA 8094 LOCKER V SLIDES - GREY - UK 8,0.00,6405901000,UNDAR,8094-025-8,0.00,8.00,0.00,197779340076
UALSVG9,UA 8094 LOCKER V SLIDES - GREY - UK 9,0.00,6405901000,UNDAR,8094-025-9,0.00,8.00,0.00,197779339407
UAMPPBL,7374 UA MATCH PLAY POLO - BLK - LG,10.00,6109909000,UNDAR,7374-001-LG,0.00,0.00,10.00,196040220192
UAMPPBM,7374 UA MATCH PLAY POLO - BLK - MD,8.00,6109909000,UNDAR,7374-001-MD,0.00,0.00,8.00,196040220529
UAMPPBS,7374 UA MATCH PLAY POLO - BLK - SM,13.00,6109909000,UNDAR,7374-001-SM,0.00,0.00,13.00,196040220550
UAMPPBXL,7374 UA MATCH PLAY POLO - BLK - XL,7.00,6109909000,UNDAR,7374-001-XL,0.00,0.00,7.00,196040220574
UAMPPWL,7374 UA MATCH PLAY POLO - WHITE - LG,13.00,6109909000,UNDAR,7374-100-LG,0.00,0.00,13.00,196040225432
UAMPPWM,7374 UA MATCH PLAY POLO - WHITE - MD,13.00,6109909000,UNDAR,7374-100-MD,0.00,0.00,13.00,196040225470
UAMPPWS,7374 UA MATCH PLAY POLO - WHITE - SM,8.00,6109909000,UNDAR,7374-100-SM,0.00,0.00,8.00,196040225524
UAMPPWXL,7374 UA MATCH PLAY POLO - WHITE - XL,13.00,6109909000,UNDAR,7374-100-XL,0.00,0.00,13.00,196040225548
UAMPS10BL,"3392 MENS PERIMETER 10"" SHORTS - BLK - LG",11.00,6203426500,UNDAR,3392-001-LG,6.00,0.00,5.00,196885721281
UAMPS10BM,"3392 MENS PERIMETER 10"" SHORTS - BLK - MD",3.00,6203426500,UNDAR,3392-001-MD,3.00,8.00,0.00,196885723001
UAMPS10BS,"3392 MENS PERIMETER 10"" SHORTS - BLK - SM",7.00,6203426500,UNDAR,3392-001-SM,4.00,0.00,3.00,196885723025
UAMPS10BXL,"3392 MENS PERIMETER 10"" SHORTS - BLK - XL",0.00,6203426500,UNDAR,3392-001-XL,0.00,8.00,0.00,196885723049
UANHGSSBL,UA TACTICAL TEE - HEATGEAR S/S - BLK - LG,33.00,6109902000,UNDAR,6007-001-LG,0.00,0.00,33.00,884961913759
UANHGSSBS,UA TACTICAL TEE - HEATGEAR S/S - BLK - SM,17.00,6109902000,UNDAR,6007-001-SM,0.00,0.00,17.00,884961913773
UANHGSSBXL,UA TACTICAL TEE - HEATGEAR S/S - BLK - XL,140.00,6109902000,UNDAR,6007-001-XL,0.00,0.00,140.00,884961913780
UANHGSSTS,UA TACTICAL TEE - HEATGEAR S/S - FED TAN - SM,20.00,6109902000,UNDAR,6007-499-SM,0.00,0.00,20.00,190496044630
UANHGSSTXL,UA TACTICAL TEE - HEATGEAR S/S - FED TAN - XL,56.00,6109902000,UNDAR,6007-499-XL,0.00,0.00,56.00,190496044661
UAOSPBGD,0539 UA OZSEE SACK PACK - BLK/GOLD,0.00,4202125000,UNDAR,0539-010,0.00,0.00,0.00,195253569456
UAOSPBGR,0539 UA OZSEE SACK PACK - BLK/GREY,0.00,4202125000,UNDAR,0539-009,0.00,0.00,0.00,195253569470
UAPCSBL,9512 UA PERFORMANCE TECH CREW SOCK 3pk - BLACK - LG,133.00,6115940000,UNDAR,9512-001-LG,88.00,0.00,45.00,196883984572
UAPCSBM,9512 UA PERFORMANCE TECH CREW SOCK 3pk - BLACK - MD,183.00,6115940000,UNDAR,9512-001-MD,114.00,0.00,69.00,196883984589
UAPCSWL,9512 UA PERFORMANCE TECH CREW SOCK 3pk - WHITE - LG,110.00,6115940000,UNDAR,9512-100-LG,1.00,6.00,109.00,196883986743
UAPCSWM,9512 UA PERFORMANCE TECH CREW SOCK 3pk - WHITE - MD,63.00,6115940000,UNDAR,9512-100-MD,9.00,0.00,54.00,196883986750
UAPNSBL,9503 UA PERFORMANCE NO SHOW SOCK 3pk - BLK - LG,63.00,6115940000,UNDAR,9503-001-LG,29.00,20.00,34.00,196884005368
UAPNSBM,9503 UA PERFORMANCE NO SHOW SOCK 3pk - BLK - MD,89.00,6115940000,UNDAR,9503-001-MD,5.00,0.00,84.00,196884005375
UAPNSML,9503 UA PERFORMANCE NO SHOW SOCK 3pk - BLK/WHT/GRY - LG,24.00,6115940000,UNDAR,9503-011-LG,2.00,0.00,22.00,196884005702
UAPNSMM,9503 UA PERFORMANCE NO SHOW SOCK 3pk - BLK/WHT/GRY - MD,20.00,6115940000,UNDAR,9503-011-MD,0.00,0.00,20.00,196884005719
UAPNSWL,9503 UA PERFORMANCE NO SHOW SOCK 3pk - WHT - LG,124.00,6115940000,UNDAR,9503-100-LG,2.00,30.00,122.00,196883999859
UAPNSWM,9503 UA PERFORMANCE NO SHOW SOCK 3pk - WHT - MD,68.00,6115940000,UNDAR,9503-100-MD,0.00,15.00,68.00,196883999866
UARFHBL,9757 UA RIVAL FLEECE HOODIE - BLACK - LG,36.00,6110113000,UNDAR,9757-001-LG,0.00,7.00,36.00,196884128807
UARFHBM,9757 UA RIVAL FLEECE HOODIE - BLACK - MD,32.00,6110113000,UNDAR,9757-001-MD,0.00,7.00,32.00,196884128845
UARFHBS,9757 UA RIVAL FLEECE HOODIE - BLACK - SM,31.00,6110113000,UNDAR,9757-001-SM,0.00,5.00,31.00,196884128906
UARFHBXL,9757 UA RIVAL FLEECE HOODIE - BLACK - XL,34.00,6201121090,UNDAR,9757-001-XL,0.00,4.00,34.00,196884128944
UARFHGL,9757 UA RIVAL FLEECE HOODIE - GREY - LG,49.00,6110113000,UNDAR,9757-025-LG,14.00,7.00,35.00,196884800543
UARFHGM,9757 UA RIVAL FLEECE HOODIE - GREY - MD,47.00,6110113000,UNDAR,9757-025-MD,20.00,7.00,27.00,196884800437
UARFHGS,9757 UA RIVAL FLEECE HOODIE - GREY - SM,41.00,6110113000,UNDAR,9757-025-SM,22.00,4.00,19.00,196884800413
UARFHGXL,9757 UA RIVAL FLEECE HOODIE - GREY - XL,53.00,6201121090,UNDAR,9757-025-XL,8.00,4.00,45.00,196884800475
UARFHNL,9757 UA RIVAL FLEECE HOODIE - NAVY - LG,4.00,6110113000,UNDAR,9757-410-LG,0.00,0.00,4.00,196884158217
UARFHNM,9757 UA RIVAL FLEECE HOODIE - NAVY - MD,9.00,6110113000,UNDAR,9757-410-MD,0.00,0.00,9.00,196884158231
UARFHNS,9757 UA RIVAL FLEECE HOODIE - NAVY - SM,6.00,6110113000,UNDAR,9757-410-SM,0.00,0.00,6.00,196884158255
UARFHNXL,9757 UA RIVAL FLEECE HOODIE - NAVY - XL,5.00,6110113000,UNDAR,9757-410-XL,0.00,0.00,5.00,196884158279
UARFJBL,9774 UA RIVAL FLEECE JOGGERS - BLK - LG,67.00,6211390090,UNDAR,9774-001-LG,0.00,10.00,67.00,196884202224
UARFJBM,9774 UA RIVAL FLEECE JOGGERS - BLK - MD,54.00,6211390090,UNDAR,9774-001-MD,0.00,8.00,54.00,196884202248
UARFJBS,9774 UA RIVAL FLEECE JOGGERS - BLK - SM,18.00,6211390090,UNDAR,9774-001-SM,0.00,5.00,18.00,196884202262
UARFJGL,9774 UA RIVAL FLEECE JOGGERS - GREY - LG,22.00,6211390090,UNDAR,9774-025-LG,0.00,0.00,22.00,196884792817
UARFJGM,9774 UA RIVAL FLEECE JOGGERS - GREY - MD,21.00,6211390090,UNDAR,9774-025-MD,0.00,0.00,21.00,196884792541
UARFJGS,9774 UA RIVAL FLEECE JOGGERS - GREY - SM,12.00,6211390090,UNDAR,9774-025-SM,0.00,0.00,12.00,196884792503
UARFJGXL,9774 UA RIVAL FLEECE JOGGERS - GREY - XL,20.00,6211390090,UNDAR,9774-025-XL,0.00,0.00,20.00,196884792626
UARFJNM,9774 UA RIVAL FLEECE JOGGERS - NAVY - MD,11.00,6211390090,UNDAR,9774-410-MD,0.00,0.00,11.00,196884201081
UARFJNS,9774 UA RIVAL FLEECE JOGGERS - NAVY - SM,10.00,6211390090,UNDAR,9774-410-SM,0.00,0.00,10.00,196884201401
UARFLHBL,9758 UA RIVAL FLEECE LOGO HOODIE - BLK - LG,0.00,6110113000,UNDAR,9758-001-LG,0.00,0.00,0.00,196884193232
UARFLHBM,9758 UA RIVAL FLEECE LOGO HOODIE - BLK - MD,0.00,6110113000,UNDAR,9758-001-MD,0.00,0.00,0.00,196884193256
UARFLHBS,9758 UA RIVAL FLEECE LOGO HOODIE - BLK - SM,0.00,6110113000,UNDAR,9758-001-SM,0.00,0.00,0.00,196884193270
UARFLHBXL,9758 UA RIVAL FLEECE LOGO HOODIE - BLK - XL,0.00,6110113000,UNDAR,9758-001-XL,0.00,0.00,0.00,196884193294
UARFLHGL,9758 UA RIVAL FLEECE LOGO HOODIE - GREY - LG,0.00,6110113000,UNDAR,9758-025-LG,0.00,0.00,0.00,196884795580
UARFLHGM,9758 UA RIVAL FLEECE LOGO HOODIE - GREY - MD,0.00,6110113000,UNDAR,9758-025-MD,0.00,0.00,0.00,196884794774
UARFLHGS,9758 UA RIVAL FLEECE LOGO HOODIE - GREY - SM,0.00,6110113000,UNDAR,9758-025-SM,0.00,0.00,0.00,196884794750
UARFLHGXL,9758 UA RIVAL FLEECE LOGO HOODIE - GREY - XL,0.00,6110113000,UNDAR,9758-025-XL,0.00,0.00,0.00,196884795511
UASLGL,7508 UA STORM LINER GLOVE - BLACK - LG,37.00,6116930000,UNDAR,7508-001-LG,5.00,15.00,32.00,196039688460
UASLGL002,7508-002 UA STORM LINER GLOVE - BLACK - LG,0.00,6116930000,UNDAR,7508-002-LG,0.00,0.00,0.00,196884025304
UASLGM,7508 UA STORM LINER GLOVE - BLACK - MD,0.00,6116930000,UNDAR,7508-001-MD,0.00,0.00,0.00,196039688491
UASLGM002,7508-002 UA STORM LINER GLOVE - BLACK - MD,0.00,6116930000,UNDAR,7508-002-MD,0.00,0.00,0.00,196884025335
UATCBBL,UA TACTICAL TEE - CREW BASE - BLK - LG,0.00,6207999099,UNDAR,6936-001-LG,0.00,0.00,0.00,191632289120
UATCBBM,UA TACTICAL TEE - CREW BASE - BLK - MD,14.00,6207999099,UNDAR,6936-001-MD,0.00,0.00,14.00,191632289113
UATCBBXL,UA TACTICAL TEE - CREW BASE - BLK - XL,0.00,6207999099,UNDAR,6936-001-XL,0.00,0.00,0.00,191632289137
UATQZ090L,UA TOP - TECH 2.0 QUARTER ZIP - CBH - LG,5.00,6109909000,UNDAR,8495-090-LG,2.00,20.00,3.00,192810181991
UATQZ090M,UA TOP - TECH 2.0 QUARTER ZIP - CBH - MD,9.00,6109909000,UNDAR,8495-090-MD,3.00,15.00,6.00,192810182004
UATQZ090S,UA TOP - TECH 2.0 QUARTER ZIP - CBH - SM,14.00,6109909000,UNDAR,8495-090-SM,5.00,0.00,9.00,192810182042
UATQZ090XL,UA TOP - TECH 2.0 QUARTER ZIP - CBH - XL,13.00,6109909000,UNDAR,8495-090-XL,5.00,10.00,8.00,192810182073
UATQZ787L,UA TOP - TECH 2.0 QUARTER ZIP - BLACK - LG,0.00,6109909000,UNDAR,8495-001-LG,0.00,20.00,0.00,192007029341
UATQZ787M,UA TOP - TECH 2.0 QUARTER ZIP - BLACK - MD,6.00,6109909000,UNDAR,8495-001-MD,0.00,15.00,6.00,192007029358
UATQZ787S,UA TOP - TECH 2.0 QUARTER ZIP - BLACK - SM,16.00,6109909000,UNDAR,8495-001-SM,0.00,0.00,16.00,192007030507
UATQZ787XL,UA TOP - TECH 2.0 QUARTER ZIP - BLACK - XL,25.00,6109909000,UNDAR,8495-001-XL,0.00,0.00,25.00,192007029327
UATQZAL,8495-409 UA TECH 2.0 QUARTER ZIP - ACADEMY - LG,0.00,6109909000,UNDAR,8495-409-LG,0.00,0.00,0.00,192007021901
UATQZAM,8495-409 UA TECH 2.0 QUARTER ZIP - ACADEMY - MD,0.00,6109909000,UNDAR,8495-409-MD,0.00,0.00,0.00,192007021956
UATQZAS,8495-409 UA TECH 2.0 QUARTER ZIP - ACADEMY - SM,0.00,6109909000,UNDAR,8495-409-SM,0.00,0.00,0.00,192007022274
UATQZAXL,8495-409 UA TECH 2.0 QUARTER ZIP - ACADEMY - XL,0.00,6109909000,UNDAR,8495-409-XL,0.00,0.00,0.00,192007021734
UATQZNL,UA TOP - TECH 2.0 QUARTER ZIP - RED - LG,0.00,6109909000,UNDAR,8495-603-LG,0.00,0.00,0.00,196884090180
UATQZNM,UA TOP - TECH 2.0 QUARTER ZIP - RED - MD,0.00,6109909000,UNDAR,8495-603-MD,0.00,0.00,0.00,196884090203
UATWSBL,3356 UA TECH WORDMARK SHORTS - BLACK - LG,92.00,6203426500,UNDAR,3356-001-LG,48.00,16.00,44.00,196885605819
UATWSBM,3356 UA TECH WORDMARK SHORTS - BLACK - MD,64.00,6203426500,UNDAR,3356-001-MD,27.00,18.00,37.00,196885605833
UATWSBS,3356 UA TECH WORDMARK SHORTS - BLACK - SM,59.00,6203426500,UNDAR,3356-001-SM,28.00,14.00,31.00,196885605840
UATWSBXL,3356 UA TECH WORDMARK SHORTS - BLACK - XL,48.00,6203426500,UNDAR,3356-001-XL,29.00,9.00,19.00,196885605857
UATWSGL,3356 UA TECH WORDMARK SHORTS - NAVY - LG,17.00,6203426500,UNDAR,3356-410-LG,6.00,0.00,11.00,196885601590
UATWSGS,3356 UA TECH WORDMARK SHORTS - NAVY - SM,11.00,6203426500,UNDAR,3356-410-SM,6.00,0.00,5.00,196885601934
UATWSGXL,3356 UA TECH WORDMARK SHORTS - NAVY - XL,17.00,6203426500,UNDAR,3356-410-XL,7.00,0.00,10.00,196885601958
UATWSM,3356 UA TECH WORDMARK SHORTS - NAVY - MD,12.00,6203426500,UNDAR,3356-410-MD,6.00,0.00,6.00,196885601927
UAUD5B,9222 UA UNDENIABLE DUFFLE BAG 5.0 - BLACK,30.00,4202921100,UNDAR,9222-001,7.00,14.00,23.00,195252745066
UAUD5G,9222 UA UNDENIABLE DUFFLE BAG 5.0 - PITCH GREY,18.00,4202921100,UNDAR,9222-012,6.00,8.00,12.00,195252746346
UAUD5N,9222 UA UNDENIABLE DUFFLE BAG 5.0 - NAVY,36.00,4202921100,UNDAR,9222-410,12.00,5.00,24.00,195252746452
UAVWBB11,UA VALSETZ WIDE TACTICAL BOOT - BLK - UK 11,0.00,,UNDAR,3027382-001-11,0.00,0.00,0.00,196885701962
UAWFB2SM,"2438 WOMENS UA FLY BY 3"" SHORTS - BLK - M",13.00,6203426500,UNDAR,2438-001-MD,13.00,0.00,0.00,196885460715
UAWFB3CM,"2438 WOMENS UA FLY BY 3"" SHORTS - CASTLEROCK - MD",0.00,6203426500,UNDAR,2438-027-MD,0.00,0.00,0.00,197779450539
UAWFB3CS,"2438 WOMENS UA FLY BY 3"" SHORTS - CASTLEROCK - SM",0.00,6203426500,UNDAR,2438-027-SM,0.00,0.00,0.00,197779450591
UAWFB3CXL,"2438 WOMENS UA FLY BY 3"" SHORTS - CASTLEROCK - XL",0.00,6203426500,UNDAR,2438-027-XL,0.00,0.00,0.00,197779450645
UAWFB3CXS,"2438 WOMENS UA FLY BY 3"" SHORTS - CASTLEROCK - XS",0.00,6203426500,UNDAR,2438-027-XS,0.00,0.00,0.00,197779450683
UAWFB3DL,"2438 WOMENS UA FLY BY 3"" SHORTS - DOWNPOUR - LG",0.00,6203426500,UNDAR,2438-044-LG,0.00,0.00,0.00,196885460920
UAWFB3DS,"2438 WOMENS UA FLY BY 3"" SHORTS - DOWNPOUR - SM",0.00,6203426500,UNDAR,2438-044-SM,0.00,0.00,0.00,196885461255
UAWFB3DXL,"2438 WOMENS UA FLY BY 3"" SHORTS - DOWNPOUR - XL",0.00,6203426500,UNDAR,2438-044-XL,0.00,0.00,0.00,196885461330
UAWFB3DXS,"2438 WOMENS UA FLY BY 3"" SHORTS - DOWNPOUR - XS",0.00,6203426500,UNDAR,2438-044-XS,0.00,0.00,0.00,196885461378
UAWFB3SL,"2438 WOMENS UA FLY BY 3"" SHORTS - BLK - L",12.00,6203426500,UNDAR,2438-001-LG,12.00,0.00,0.00,196885460579
UAWFB3SS,"2438 WOMENS UA FLY BY 3"" SHORTS - BLK - S",17.00,6203426500,UNDAR,2438-001-SM,13.00,0.00,4.00,196885460760
UAWFB3SWL,"UA WOMENS - 2438 FLY BY 3"" SHORTS - WHT - LG",0.00,6203426500,UNDAR,1382438-100-LG,0.00,0.00,0.00,196885461095
UAWFB3SWM,"UA WOMENS - 2438 FLY BY 3"" SHORTS - WHT - MD",0.00,6203426500,UNDAR,1382438-100-MD,0.00,0.00,0.00,196885461606
UAWFB3SWS,"UA WOMENS - 2438 FLY BY 3"" SHORTS - WHT - SM",0.00,6203426500,UNDAR,1382438-100-SM,0.00,0.00,0.00,196885461613
UAWFB3SWXL,"UA WOMENS - 2438 FLY BY 3"" SHORTS - WHT - XL",0.00,6203426500,UNDAR,1382438-100-XL,0.00,0.00,0.00,196885461620
UAWFB3SXS,"2438 WOMENS UA FLY BY 3"" SHORTS - BLK - XS",11.00,6203426500,UNDAR,2438-001-XS,10.00,0.00,1.00,196885460876
UAWFB3XL,"2438 WOMENS UA FLY BY 3"" SHORTS - BLK - XL",0.00,6203426500,UNDAR,2438-001-XL,0.00,0.00,0.00,196885460821
UAWRCSSTBLL,3648 WOMENS UA RIVAL CORE TEE - BLK - LG,0.00,6109909000,UNDAR,3648-001-LG,0.00,0.00,0.00,196885499821
UAWRCSSTBLS,3648 WOMENS UA RIVAL CORE TEE - BLK - SM,0.00,6109909000,UNDAR,3648-001-SM,0.00,0.00,0.00,196885499661
UAWRCSSTBLXL,3648 WOMENS UA RIVAL CORE TEE - BLK - XL,0.00,6109909000,UNDAR,3648-001-XL,0.00,0.00,0.00,196885499777
UAWRCSSTPL,UA WOMENS - 3648 RIVAL CORE S/S TEE - PINK - LG,0.00,6109909000,UNDAR,1383648-648-LG,0.00,0.00,0.00,197779712316
UAWRCSSTPS,UA WOMENS - 3648 RIVAL CORE S/S TEE - PINK - SM,0.00,6109909000,UNDAR,1383648-648-SM,0.00,0.00,0.00,197779712354
UAWRCSSTPXL,UA WOMENS - 3648 RIVAL CORE S/S TEE - PINK - XL,0.00,6109909000,UNDAR,1383648-648-XL,0.00,0.00,0.00,197779712385
UAWRCSSTTL,3648 WOMENS UA RIVAL CORE TEE - TRP - LG,0.00,6109909000,UNDAR,3648-538-LG,0.00,0.00,0.00,198632683187
UAWRCSSTTS,3648 WOMENS UA RIVAL CORE TEE - TRP - SM,0.00,6109909000,UNDAR,3648-538-SM,0.00,0.00,0.00,198632683415
UAWRCSSTWL,3648 WOMENS UA RIVAL CORE TEE - WHITE - LG,0.00,6109909000,UNDAR,3648-100-LG,0.00,0.00,0.00,196885502217
UAWRCSSTWS,3648 WOMENS UA RIVAL CORE TEE - WHITE - SM,0.00,6109909000,UNDAR,3648-100-SM,0.00,0.00,0.00,196885502071
UAWRCSSTWXL,3648 WOMENS UA RIVAL CORE TEE - WHITE - XL,0.00,6109909000,UNDAR,3648-100-XL,0.00,0.00,0.00,196885502200
UAWRLSSTWL,UA WOMENS - 6305 RIVAL LOGO S/S TEE - WHT - LG,0.00,6109909000,UNDAR,1356305-111-LG,0.00,0.00,0.00,196885457210
UAWRLSSTWM,UA WOMENS - 6305 RIVAL LOGO S/S TEE - WHT - MD,0.00,6109909000,UNDAR,1356305-111-MD,0.00,0.00,0.00,196885457166
UAWRLSSTWS,UA WOMENS - 6305 RIVAL LOGO S/S TEE - WHT - SM,0.00,6109909000,UNDAR,1356305-111-SM,0.00,0.00,0.00,196885457173
UAWRLSSTWXL,UA WOMENS - 6305 RIVAL LOGO S/S TEE - WHT - XL,0.00,6109909000,UNDAR,1356305-111-XL,0.00,0.00,0.00,196885457203
UAWSBL,"3627 WOMENS UA 8"" SHORTS - BLK - LG",0.00,6109909000,UNDAR,3627-001-LG,0.00,0.00,0.00,196885480874
UAWSBM,"3627 WOMENS UA 8"" SHORTS - BLK - MD",0.00,6109909000,UNDAR,3627-001-MD,0.00,0.00,0.00,196885480881
UAWSBS,"3627 WOMENS UA 8"" SHORTS - BLK - SM",0.00,6109909000,UNDAR,3627-001-SM,0.00,0.00,0.00,196885480898
UAWTALBL,5335 WOMENS UA TECH ANKLE LEGGINGS - BLK - LG,12.00,6211434200,UNDAR,5335-001-LG,8.00,0.00,4.00,194514374174
UAWTALBM,5335 WOMENS UA TECH ANKLE LEGGINGS - BLK - MD,12.00,6211434200,UNDAR,5335-001-MD,7.00,0.00,5.00,194514374181
UAWTALBS,5335 WOMENS UA TECH ANKLE LEGGINGS - BLK - SM,12.00,6211434200,UNDAR,5335-001-SM,7.00,0.00,5.00,194514374198
UAWTALBXS,5335 WOMENS UA TECH ANKLE LEGGINGS - BLK - XS,12.00,6211434200,UNDAR,5335-001-XS,8.00,0.00,4.00,194514374617
UAWTKOTBM,9851 UA WOMENS TECH KNOCKOUT TANK - BLK - MD,0.00,6109909000,UNDAR,9851-001-MD,0.00,0.00,0.00,197778947160
UAWTKOTBS,9851 UA WOMENS TECH KNOCKOUT TANK - BLK - SM,0.00,6109909000,UNDAR,9851-001-SM,0.00,0.00,0.00,197778947177
UAWTKOTBXL,9851 UA WOMENS TECH KNOCKOUT TANK - BLK - XL,0.00,6109909000,UNDAR,9851-001-XL,0.00,0.00,0.00,197778947184
UAWTKOTPM,9851 UA WOMENS TECH KNOCKOUT TANK - SUPER PINK - MD,0.00,6109909000,UNDAR,9851-672-MD,0.00,0.00,0.00,197778947566
UAWTKOTPS,9851 UA WOMENS TECH KNOCKOUT TANK - SUPER PINK - SM,0.00,6109909000,UNDAR,9851-672-SM,0.00,0.00,0.00,197778947573
UAWTKOTPXL,9851 UA WOMENS TECH KNOCKOUT TANK - SUPER PINK - XL,0.00,6109909000,UNDAR,9851-672-XL,0.00,0.00,0.00,197778947559
UAWTKOTSL,UA WOMENS - 9851 TECH KNOCKOUT TANK - STREAM - LG,0.00,6109909000,UNDAR,1389851-494-LG,0.00,0.00,0.00,197778947337
UAWTKOTSM,UA WOMENS - 9851 TECH KNOCKOUT TANK - STREAM - MD,0.00,6109909000,UNDAR,1389851-494-MD,0.00,0.00,0.00,197778947344
UAWTKOTSS,UA WOMENS - 9851 TECH KNOCKOUT TANK - STREAM - SM,0.00,6109909000,UNDAR,1389851-494-SM,0.00,0.00,0.00,197778947351
UAWTKOTSXL,UA WOMENS - 9851 TECH KNOCKOUT TANK - STREAM - XL,0.00,6109909000,UNDAR,1389851-494-XL,0.00,0.00,0.00,197778947368
UAWTKOTWL,UA WOMENS - 9851 TECH KNOCKOUT TANK - WHT - LG,0.00,6109909000,UNDAR,1389851-100-LG,0.00,0.00,0.00,197778947214
UAWTKOTWM,UA WOMENS - 9851 TECH KNOCKOUT TANK - WHT - MD,0.00,6109909000,UNDAR,1389851-100-MD,0.00,0.00,0.00,197778947221
UAWTKOTWS,UA WOMENS - 9851 TECH KNOCKOUT TANK - WHT - SM,0.00,6109909000,UNDAR,1389851-100-SM,0.00,0.00,0.00,197778947238
UAWTKOTWXL,UA WOMENS - 9851 TECH KNOCKOUT TANK - WHT - XL,0.00,6109909000,UNDAR,1389851-100-XL,0.00,0.00,0.00,197778947245
UAWTPUSBL,"9882 UA WOMENS TECH PLAY UP SHORT 3"" - BLK - LG",0.00,6203426500,UNDAR,9882-002-LG,0.00,0.00,0.00,197778941434
UAWTPUSBM,"9882 UA WOMENS TECH PLAY UP SHORT 3"" - BLK - MD",0.00,6203426500,UNDAR,9882-002-MD,0.00,0.00,0.00,197778941441
UAWTPUSBS,"9882 UA WOMENS TECH PLAY UP SHORT 3"" - BLK - SM",0.00,6203426500,UNDAR,9882-002-SM,0.00,0.00,0.00,197778941458
UAWTPUSBXL,"9882 UA WOMENS TECH PLAY UP SHORT 3"" - BLK - XL",0.00,6203426500,UNDAR,9882-002-XL,0.00,0.00,0.00,197778941465
UFM330BN,UFIT PROTEIN MILK 330ml - BANANA - 10pk,41.00,0402991000,LFL,14300,1.00,20.00,40.00,5060317321804
UFM330CH,UFIT PROTEIN MILK 330ml - CHOCOLATE - 10pk,125.00,0402991000,LFL,14019,3.00,0.00,122.00,5060317321774
UFM330IL,UFIT PROTEIN MILK 330ml - ICED LATTE - 10pk,79.00,0402991000,LFL,14100,0.00,0.00,79.00,5060317321781
UFM330RR,UFIT PROTEIN MILK 330ml - RASPBERRY RIPPLE - 10pk,10.00,0402991000,LFL,4058,0.00,20.00,10.00,5060317322849
UFM330SB,UFIT PROTEIN MILK 330ml - STRAWBERRY - 10pk,137.00,0402991000,LFL,14001,1.00,0.00,136.00,5060317321767
UFM330SC,UFIT PROTEIN MILK 330ml - SALTED CARAMEL - 10pk,94.00,0402991000,LFL,4600,1.00,0.00,93.00,5060317322122
UFM330V,UFIT PROTEIN MILK 330ml - VANILLA - 10pk,76.00,0402991000,LFL,14400,0.00,0.00,76.00,5060317321798
UFM330WC,UFIT PROTEIN MILK 330ml - WHITE CHOCOLATE - 10pk,92.00,0402991000,LFL,4053,2.00,0.00,90.00,5060317322146
UPRULGL,UP ULTIMATE LINER GLOVE - BLK- LG,115.00,6117808000,1000M,UP146L,0.00,0.00,115.00,5060242683350
UPRULGM,UP ULTIMATE LINER GLOVE - BLK- MD,115.00,6117808000,1000M,UP146M,0.00,0.00,115.00,5060242683343
WCPBBP,WARRIOR CRUNCH PROTEIN BAR - BANOFEE PIE - 12 x 64g,59.00,2106108031,KBFE,B174-BP,0.00,0.00,59.00,5060424708062
WCPBCCCD,WARRIOR CRUNCH PROTEIN BAR - CHC CHP CKIE DGH - 12 x 64g,73.00,2106108031,KBFE,B174-CCCD,0.00,0.00,73.00,5060756342781
WCPBDCP,WARRIOR CRUNCH PROTEIN BAR - DRK CHOC PNT - 12 x 64g,63.00,2106108031,KBFE,B174-CP,0.00,0.00,63.00,5060424705535
WCPBFB,WARRIOR CRUNCH PROTEIN BAR - FUDGE BRNIE - 12 x 64g,61.00,2106108031,KBFE,B174-FB,0.00,0.00,61.00,5060756343993
WCPBSC,WARRIOR CRUNCH PROTEIN BAR - SALTED CARAMEL - 12 x 64g,59.00,2106108031,KBFE,B174-SC,0.00,0.00,59.00,5060424705368
WCPBWC,WARRIOR CRUNCH PROTEIN BAR - WHITE CHOC - 12 x 64g,58.00,2106108031,KBFE,B174-WC,0.00,0.00,58.00,5060424705467
WRBCB,WARRIOR RAW PROTEIN FLAPJACK - CHC BRNIE - 12 x 75g,33.00,2106108031,KBFE,B198-C-12,0.00,0.00,33.00,5060424707041
WRBCC,WARRIOR RAW PROTEIN FLAPJACK - CKS & CRM - 12 x 75g,50.00,2106108031,KBFE,B198-CC-12,0.00,0.00,50.00,5060756342972
WRBCO,WARRIOR RAW PROTEIN FLAPJACK - CHOC ORANGE - 12 x 75g,24.00,2106108031,KBFE,B198-CO-12,0.00,0.00,24.00,5060756344143
WRBFSDU,WARRIOR RAW BARS FSDU,0.00,4819200000,,,0.00,0.00,0.00,5060756347281
WRBHB,WARRIOR RAW PROTEIN FLAPJACK - HNY BRY - 12 x 75g,35.00,2106108031,KBFE,B198-B-12,0.00,0.00,35.00,5060424707058
WRBSC,WARRIOR RAW PROTEIN FLAPJACK - SLTD CRML - 12 x 75g,32.00,2106108031,KBFE,B198-STC-12,0.00,0.00,32.00,5060756341005
WRBWCC,WARRIOR RAW PROTEIN FLAPJACK - WHT CHC CNBRY - 12 x 75g,38.00,2106108031,KBFE,B198-WC-12,0.00,0.00,38.00,5060424707782
WRCPB,WARRIOR RAW PROTEIN FLAPJACK - CHC PNT BTTR - 12 x 75g,37.00,2106108031,KBFE,B198-CP-12,0.00,0.00,37.00,5060424708604
WRRVC,WARRIOR RAW PROTEIN FLAPJACK - RED VLVT CKE - 12 x 75g,38.00,2106108031,KBFE,B198-RVC-12,0.00,0.00,38.00,5060424709502
